id,label,left_Song_Name,left_Artist_Name,left_Album_Name,left_Genre,left_Price,left_CopyRight,left_Time,left_Released,right_Song_Name,right_Artist_Name,right_Album_Name,right_Genre,right_Price,right_CopyRight,right_Time,right_Released
0,0,Illusion ( feat . Echosmith ),Zedd,True Colors,"Dance , Music , Electronic",$ 1.29,2015 Interscope Records,6:30,18-May-15,Transmission [ feat . X Ambassadors ],Zedd,True Colors,Dance & Electronic,$ 1.29,( C ) 2015 Interscope Records,4:02,"May 18 , 2015"
1,0,I 'm a Machine ( feat . Crystal Nicole and Tyrese Gibson ),David Guetta,Nothing But the Beat,"Dance , Music , Rock , House , Electronic",$ 1.29,"2011 What A Music Ltd , Licence exclusive Parlophone Music France",3:34,26-Aug-11,I Can Only Imagine ( feat . Chris Brown & Lil Wayne ),David Guetta,Nothing But the Beat 2.0 [ Explicit ],Dance & Electronic,$ 0.99,2015 Real Sounds,3:29,"August 26 , 2011"
2,1,Silver and Gold,Little Big Town,Pain Killer,"Country , Music , Honky Tonk , Contemporary Country",$ 1.29,"2014 Little Big Town , LLC Under exclusive license to Capitol Records Nashville",3:33,21-Oct-14,Silver And Gold,Little Big Town,Pain Killer,Country,$ 1.29,( C ) 2014 Little Big Town LLC Under exclusive license to Capitol Records Nashville,3:31,"October 21 , 2014"
3,0,Dangerous ( feat . Sam Martin ) [ Robin Schulz Remix ] [ Radio Edit ],David Guetta,Listen ( Deluxe Version ),"Dance , Music , Rock , House , Electronic , French Pop",$ 1.29,"2014 What A Music Ltd. under exclusive license to Parlophone/Warner Music France , under exclusive license to Atlantic Recording Corporation for the United States . All rights reserved .",3:20,24-Nov-14,I 'll Keep Loving you ( feat . Birdy & Jaymes Young ),David Guetta,Listen ( Deluxe ),Dance & Electronic,$ 1.29,2015 If Moving Your Mine,3:08,"November 24 , 2014"
4,0,True Colors ( feat . Nicki Minaj ),Wiz Khalifa,Blacc Hollywood,"Hip-Hop/Rap , Music , Rap , East Coast Rap , Hardcore Rap , Rock",$ 1.29,2014 Atlantic Recording Corporation for the United States and WEA International Inc. for the world outside of the United States . A Warner Music Group Company,4:15,19-Aug-14,Still Down ( feat . Chevy Woods & Ty Dolla $ ign ) [ Explicit ],Wiz Khalifa,Blacc Hollywood [ Explicit ],Rap & Hip-Hop,$ 1.29,2014 Atlantic Recording Corporation for the United States and WEA International Inc. for the world outside of the United States . A Warner Music Group Company,4:16,"August 19 , 2014"
5,0,I 'm a Machine ( feat . Crystal Nicole and Tyrese Gibson ),David Guetta,Nothing But the Beat,"Dance , Music , House , Electronic , Rock",$ 1.29,"2011 What A Music Ltd , Licence exclusive Parlophone Music France",3:34,26-Aug-11,In My Head ( feat . Nervo ),David Guetta,Nothing But the Beat 2.0 [ Explicit ],Dance & Electronic,$ 0.99,2015 Real Sounds,3:51,"August 26 , 2011"
6,0,Dangerous ( feat . Sam Martin ) [ Robin Schulz Remix ] [ Radio Edit ],David Guetta,Listen ( Deluxe Version ),"Dance , Music , Rock , House , Electronic , French Pop",$ 1.29,"2014 What A Music Ltd. under exclusive license to Parlophone/Warner Music France , under exclusive license to Atlantic Recording Corporation for the United States . All rights reserved .",3:20,24-Nov-14,Bloody War ( Album Version ( Edited ) ) [ feat . BG ] [ Clean ],David Banner,Certified ( Edited Version ),Rap & Hip-Hop,$ 0.99,"( C ) 2014 Island Records , a division of UMG Recordings , Inc.",4:27,"September 20 , 2005"
7,0,Lick It ( Norman Doray Remix ),Kaskade & Skrillex,Lick It ( Remixes ) - EP,"Dance , Music , Electronic",$ 1.29,"2012 Ultra Records , Inc.",6:14,17-Apr-12,Take ÌÏ There ( feat . Kiesza ) [ Netsky Remix ],Skrillex & Diplo,Take ÌÏ There ( feat . Kiesza ) [ Remixes ],Dance & Electronic,$ 1.29,2010 Robbins Entertainment LLC,3:29,"December 23 , 2014"
8,0,Whatcha Say ( Klubjumpers Remix Radio ),Jason Derulo,Reloaded,"Pop , Music , Rock , R&B / Soul , Contemporary R&B , Dance",$ 1.29,2011 This Compilation P2011 Warner Bros. . Records Inc.,4:02,16-Dec-11,The Sky 's The Limit ( Ayo Remix ),Jason Derulo,Reloaded,Pop,$ 1.29,"( C ) 2006 DTP Records , LLC",3:25,"December 16 , 2011"
10,0,Where Are '`` Now ( with Justin Bieber ) [ Ember Island Remix ],Skrillex & Diplo,Where Are '`` Now ( with Justin Bieber ) [ Remixes ] - EP,"Dance , Music",$ 1.29,2015 OWSLA / Mad Decent / Atlantic Recording Corporation for the United States and WEA International Inc. for the world outside of the United States . A Warner Music Group Company,2:31,16-Jun-15,Scary Monsters And Nice Sprites ( Zedd Remix ),Skrillex,Scary Monsters And Nice Sprites EP [ Explicit ],"Electronica , Dance & Electronic , Dubstep",$ 1.29,( c ) 2013 Digitop Ltd,5:57,"December 21 , 2010"
11,0,Second Chance ( Live Acoustic from Kansas City ),Shinedown,Somewhere In the Stratosphere ( Live ),"Rock , Music , Metal , Alternative , Hard Rock",$ 1.29,2011 Atlantic Recording Corporation for the United States and WEA International Inc. for the world outside of the United States .,5:06,18-Apr-11,Burning Bright ( Live From Washington State ),Shinedown,Somewhere In The Stratosphere,Rock,$ 1.29,( C ) 2005 MCA Nashville,3:53,"April 18 , 2011"
16,0,Starry Eyed ( AN21 and Max Vangeli Remix ),Ellie Goulding,Starry Eyed ( Remixes ) - EP,"Dance , Music , Pop , Rock",$ 1.29,2011 Polydor Ltd. ( UK ),8:14,15-Feb-11,Lights ( Shook Remix ),Ellie Goulding,Lights ( The Remixes Part 1 ),Pop,$ 1.29,( C ) 2011 Polydor Ltd. ( UK ),3:49,"May 23 , 2011"
18,0,Titanium ( Spanish Version ),David Guetta,Titanium ( Spanish Version ) - Single,"Dance , Music , Electronic",$ 1.29,"2012 What A Music Ltd , Licence exclusive Parlophone Music France",3:58,20-Aug-12,Titanium ( feat . Sia ) [ Cazzette 's Ant Seeking Hamster Mix ],David Guetta,Titanium ( Feat . Sia ),Dance & Electronic,$ 0.99,"2011 What A Music Ltd , licence exclusive Parlophone Music France",6:37,"January 20 , 2012"
19,1,Halcyon,Ellie Goulding,Halcyon Days ( Deluxe Edition ),"Pop , Music , Dance , Rock",$ 1.29,‰ ãÑ 2013 Polydor Ltd. ( UK ),3:24,27-Aug-13,Halcyon,Ellie Goulding,Halcyon,Pop,$ 1.29,( C ) 2013 Polydor Ltd. ( UK ),3:24,"August 27 , 2013"
20,0,Toyfriend ( feat . Wynter Gordon ) [ Continuous Mix Version ],David Guetta,One Love ( Deluxe Version ),"Dance , Music",$ 1.29,2010 Gum Prod licence exclusive Parlophone Music France,2:51,21-Aug-09,Gettin ' Over ( Feat . Chris Willis ; Continuous Mix Version ),David Guetta,One Love ( Deluxe Version ),Dance & Electronic,$ 1.29,( C ) 2014 Swedish House Mafia Holdings Ltd ( BVI ) under exclusive license to Virgin Records Ltd,3:31,"August 21 , 2009"
21,0,The Whisperer ( feat . Sia ),David Guetta,Listen,"Dance , Music , Electronic , House , Rock , French Pop",$ 1.29,"2014 What A Music Ltd. under exclusive license to Parlophone/Warner Music France , under exclusive license to Atlantic Recording Corporation for the United States . All rights reserved",3:54,24-Nov-14,Dangerous ( feat . Sam Martin ),David Guetta,Listen ( Deluxe ),Dance & Electronic,$ 1.29,2015 If Moving Your Mine,3:23,"November 24 , 2014"
22,0,Slow Down ( Sure Shot Rockers Reggae Dub Remix ),Selena Gomez,Slow Down ( Reggae Remixes ) - Single,"Reggae , Music , Electronic , Dance , Rock",$ 1.29,"2013 Hollywood Records , Inc.",3:15,20-Aug-13,Good For You ( Yellow Claw & Cesqeaux Remix ) [ feat . A$ AP Rocky ],Selena Gomez,Good For You ( Remixes ),Pop,$ 1.29,( C ) 2015 Interscope Records,3:01,"September 4 , 2015"
23,1,True Colors ( feat . Nicki Minaj ),Wiz Khalifa,Blacc Hollywood,"Hip-Hop/Rap , Music , Rap , East Coast Rap , Hardcore Rap , Rock",$ 1.29,2014 Atlantic Recording Corporation for the United States and WEA International Inc. for the world outside of the United States . A Warner Music Group Company,4:15,19-Aug-14,True Colors ( feat . Nicki Minaj ) [ Explicit ],Wiz Khalifa,Blacc Hollywood [ Explicit ],Rap & Hip-Hop,$ 1.29,2014 Atlantic Recording Corporation for the United States and WEA International Inc. for the world outside of the United States . A Warner Music Group Company,4:15,"August 19 , 2014"
24,1,"Turn Around ( 5,4,3,2,1 ) [ DJ Bam Bam Radio Remix ]",Flo Rida,"Turn Around ( 5,4,3,2,1 ) - Deluxe Single","Hip-Hop/Rap , Music , Electronic , Rap , Dirty South , Dance",$ 1.29,‰ ãÑ 2010 Atlantic Recording Corporation for the United States and WEA International Inc. for the world outside of the United States .,3:35,16-Nov-10,"Turn Around ( 5,4,3,2,1 )",Flo Rida,Only One Flo ( Part 1 ) [ Deluxe ] [ + Video ] [ + Digital Booklet ],Rap & Hip-Hop,$ 1.29,2010 Atlantic Recording Corporation for the United States and WEA International Inc. for the world outside of the United States,3:20,"November 26 , 2010"
28,0,If I Am a Stranger ( Live In Amsterdam ),Ryan Adams,Live After Deaf ( Live ) [ Complete Collection ],"Singer/Songwriter , Music , Rock",$ 0.99,2012 PAXAM RECORDS,5:10,2-Jul-12,Lucky Now ( Live At Carnegie Hall / 11/17/2014 ) [ Explicit ],Ryan Adams,Live At Carnegie Hall [ Explicit ],Rock,$ 1.29,( C ) 2015 PaxAmericana Recording Company Under Exclusive Licenese To Blue Note Records,6:01,"April 21 , 2015"
29,0,Masterpiece ( feat . Jordan Rakei ),Disclosure,Caracal,"Electronic , Music , Dance , Garage , House , Rock",Album Only,"2015 Island Records , a division of Universal Music Operations Limited",4:01,,Holding On [ feat . Gregory Porter ],Disclosure,Caracal,"Electronica , Dance & Electronic",$ 1.29,"( C ) 2015 Island Records , a division of Universal Music Operations Limited",5:15,"September 25 , 2015"
30,0,Dangerous ( feat . Sam Martin ) [ Robin Schulz Remix ] [ Radio Edit ],David Guetta,Listen ( Deluxe Version ),"Dance , Music , Rock , House , Electronic , French Pop",$ 1.29,"2014 What A Music Ltd. under exclusive license to Parlophone/Warner Music France , under exclusive license to Atlantic Recording Corporation for the United States . All rights reserved .",3:20,24-Nov-14,I 'll Keep Loving you ( feat . Birdy & Jaymes Young ),David Guetta,Listen ( Deluxe ),Dance & Electronic,$ 1.29,2015 If Moving Your Mine,3:08,"November 24 , 2014"
31,0,El Perd ' _ n ( Forgiveness ),Nicky Jam & Enrique Iglesias,El Perd ' _ n ( Forgiveness ) - Single,"Pop , Music",$ 1.29,2015 Sony Music Entertainment US Latin LLC,3:26,10-Jul-15,El PerdÌ_n ( Gregor Salto Remix ),Nicky Jam & Enrique Iglesias,El PerdÌ_n ( The Remixes ),"International , Latin Music , Latin Hip-Hop",$ 1.29,2015 Real Sounds,4:09,"July 1 , 2015"
32,0,Take Care ( feat . Rihanna ),Drake,Take Care ( Deluxe Version ),"Hip-Hop/Rap , Music",$ 1.29,‰ ãÑ 2011 Cash Money Records Inc.,4:37,15-Nov-11,Make Me Proud [ feat . Nicki Minaj ] [ Clean ],Drake,Take Care ( Deluxe Edition ),Rap & Hip-Hop,$ 1.29,( C ) 2012 Cash Money Records Inc.,3:39,"March 20 , 2012"
36,0,Second Chance ( Live Acoustic from Kansas City ),Shinedown,Somewhere In the Stratosphere ( Live ),"Rock , Music , Metal , Alternative , Hard Rock",$ 1.29,2011 Atlantic Recording Corporation for the United States and WEA International Inc. for the world outside of the United States .,5:06,18-Apr-11,Times Like These ( Live Acoustic From Kansas City ),Shinedown,Somewhere In The Stratosphere,Rock,$ 1.29,( C ) 2005 MCA Nashville,4:07,"April 18 , 2011"
37,1,Who I Am With You,Chris Young,A.M.,"Country , Music , Urban Cowboy , Contemporary Country",$ 1.29,‰ ãÑ 2013 Sony Music Entertainment,3:13,16-Sep-13,Who I Am With You,Chris Young,A.M.,Country,$ 1.29,"( C ) 2010 Hollywood Records , Inc.",3:11,"September 16 , 2013"
40,0,The Whisperer ( feat . Sia ),David Guetta,Listen,"Dance , Music , Electronic , House , Rock , French Pop",$ 1.29,"2014 What A Music Ltd. under exclusive license to Parlophone/Warner Music France , under exclusive license to Atlantic Recording Corporation for the United States . All rights reserved",3:54,24-Nov-14,S.T.O.P ( feat . Ryan Tedder ),David Guetta,Listen ( Deluxe ),Dance & Electronic,$ 1.29,2015 If Moving Your Mine,3:34,"November 24 , 2014"
41,0,As Long As You Love Me ( feat . Big Sean ) [ Audien Luvstep Mix ],Justin Bieber,As Long As You Love Me ( Remixes ) [ feat . Big Sean ],"Dance , Music , Rock",$ 1.29,2012 The Island Def Jam Music Group,4:40,11-Sep-12,Love Me Like You Do ( Sax Instrumental Version ),Justin Ward,Love Me Like You Do - Made Popular By Ellie Goulding,Pop,$ 0.89,( c ) 2015 Covered Records,3:16,
42,1,Doin ' My Thing,Luke Bryan,Doin ' My Thing,"Country , Music , Contemporary Country",$ 1.29,"‰ ãÑ 2009 Capitol Records Nashville . All rights reserved . Unauthorized reproduction is a violation of applicable laws . Manufactured by Capitol Records Nashville , 3322 West End Avenue , 11th Floor , Nashville , TN 37203",3:09,2-Oct-09,Doin ' My Thing,Luke Bryan,Doin ' My Thing,Country,$ 1.29,( C ) 2009 Capitol Records Nashville,3:09,"October 2 , 2009"
43,0,Remember You ( feat . The Weeknd ),Wiz Khalifa,O.N.I.F.C. ( Deluxe Version ),"Hip-Hop/Rap , Music , Hardcore Rap , East Coast Rap , Rap",$ 1.99,2012 Atlantic Recording Corporation for the United States and WEA International Inc. for the world outside of the United States,5:20,4-Dec-12,KK ( feat . Project Pat & Juicy J ) [ Explicit ],Wiz Khalifa,Blacc Hollywood ( Deluxe ) [ Explicit ],Rap & Hip-Hop,$ 1.29,2014 Atlantic Recording Corporation for the United States and WEA International Inc. for the world outside of the United States . A Warner Music Group Company,4:09,"August 19 , 2014"
44,0,"Turn Around ( 5,4,3,2,1 ) [ AK Remix ]",Flo Rida,"Turn Around ( 5,4,3,2,1 ) [ Remixes ]","Dance,Music,Hip-Hop / Rap , Dirty South , Rap , Electronic",$ 1.29,2011 Atlantic Recording Corporation for the United States and WEA International Inc. for the world outside of the United States .,5:09,19-Apr-11,Gdfr ( Feat . Sage The Gemini & Lookas ) [ K. Theory Remix ],Flo Rida,Gdfr ( Feat . Sage The Gemini & Lookas ) [ Remixes ],Rap & Hip-Hop,$ 1.29,2014 Atlantic Recording Corporation for the United States and WEA International Inc. for the world outside of the United States . A Warner Music Group Company,3:08,"January 21 , 2015"
47,0,Every Time You Go,Ellie Goulding,Bright Lights ( Deluxe Version ),"Pop , Music , Dance , Rock",$ 1.29,‰ ãÑ 2010 Polydor Ltd. ( UK ),3:25,29-Nov-10,I Know You Care,Ellie Goulding,Halcyon ( Deluxe ),Pop,$ 1.29,( C ) 2013 Polydor Ltd. ( UK ),3:26,"August 27 , 2013"
48,1,Goner,twenty one pilots,Blurryface,"Alternative , Music , Rock , Adult Alternative , Indie Rock,Hip-Hop / Rap , Rap , Underground Rap",$ 1.29,2015 Fueled By Ramen LLC for the United States and WEA International Inc. for the world outside of the United States . A Warner Music Group Company,3:56,15-May-15,Goner,twenty one pilots,Blurryface,Alternative Rock,$ 1.29,2015 Fueled By Ramen LLC for the United States and WEA International Inc. for the world outside of the United States . A Warner Music Group Company,3:56,"May 15 , 2015"
50,0,Dangerous ( feat . Sam Martin ) [ Robin Schulz Remix ] [ Radio Edit ],David Guetta,Listen ( Deluxe Version ),"Dance , Music , Rock , House , Electronic , French Pop",$ 1.29,"2014 What A Music Ltd. under exclusive license to Parlophone/Warner Music France , under exclusive license to Atlantic Recording Corporation for the United States . All rights reserved .",3:20,24-Nov-14,Gettin ' Over You ( Feat . Fergie & Lmfao ),David Guetta,One Love ( Deluxe Version ),Dance & Electronic,$ 1.29,( C ) 2014 Swedish House Mafia Holdings Ltd ( BVI ) under exclusive license to Virgin Records Ltd,3:07,"August 21 , 2009"
53,1,Sunburn ( Bonus Track ),Ed Sheeran,#NAME ?,"Singer/Songwriter , Music",$ 1.29,2011 Warner Music UK Limited,4:35,9-Sep-11,Sunburn ( Deluxe Edition ),Ed Sheeran,#NAME ?,Pop,$ 1.29,Doll records,4:35,"September 9 , 2011"
54,1,I Do n't Believe You ( Main Version ),P!NK,Funhouse,"Pop , Music , R&B / Soul , Dance , Pop/Rock",$ 1.29,‰ ãÑ LaFace Recording LLC,4:36,28-Oct-08,I Do n't Believe You,P!nk,Funhouse ( Explicit ),"R&B , Pop",$ 1.29,( c ) 2006 Roadshow,4:36,"October 28 , 2008"
55,0,"Crack In the Pearl , Pt . II ( feat . Stevie Wonder & Jeff Bhasker )",Mark Ronson,Uptown Special,"Pop , Music , R&B / Soul , Funk , Soul",$ 1.29,"Tracks 4 & 6 ( P ) 2014 , all other tracks ( P ) 2015 Mark Ronson under exclusive licence to Sony Music Entertainment UK Limited",2:16,13-Jan-15,Crack In the Pearl,Mark Ronson,Uptown Special [ Clean ],Pop,$ 1.29,2015 Real Sounds,2:25,"January 13 , 2015"
56,0,You & Me ( feat . Eliza Doolittle ),Disclosure,Settle ( Deluxe Version ),"Electronic , Music",$ 1.29,"‰ ãÑ 2014 Universal Island Records , a division of Universal Music Operations Limited",4:26,15-Apr-14,Defeated No More [ feat . Edward Macfarlane ],Disclosure,Settle,"Electronica , Dance & Electronic",$ 1.29,"( C ) 2013 Universal Island Records , a division of Universal Music Operations Limited",6:07,"June 11 , 2013"
57,0,Toyfriend ( feat . Wynter Gordon ) [ Continuous Mix Version ],David Guetta,One Love ( Deluxe Version ),"Dance , Music",$ 1.29,2010 Gum Prod licence exclusive Parlophone Music France,2:51,21-Aug-09,I Wan na Go Crazy ( Feat . Will.I.Am ; Extended ; Continuous Mix Version ),David Guetta,One Love ( Deluxe Version ),Dance & Electronic,$ 1.29,( C ) 2014 Swedish House Mafia Holdings Ltd ( BVI ) under exclusive license to Virgin Records Ltd,4:54,"August 21 , 2009"
58,0,Whateva ( feat . Monty ),Fetty Wap,Fetty Wap ( Deluxe ),"Hip-Hop/Rap , Music , Rap",Album Only,2015 300 Entertainment/RGF Productions,5:11,,My Way ( feat . Monty ) [ Explicit ],Fetty Wap,Fetty Wap [ Explicit ],Rap & Hip-Hop,$ 1.29,"( C ) 2000 Mute Records Ltd. , a BMG Company , under exclusive license to INgrooves",3:33,"September 25 , 2015"
59,0,O Little Town of Bethlehem,Kenny Chesney,All I Want for Christmas Is a Real Good Tan,"Holiday , Music , Country , Honky Tonk , Contemporary Country , Christmas",$ 0.99,2003 BMG Music,4:18,4-Oct-03,Sweet Little Jesus Boy,Kenny Rogers,Christmas Greetings,"Holiday , Christmas , Miscellaneous",$ 1.29,"( C ) 2000 Capitol Records , LLC",3:04,"August 17 , 2000"
60,0,"Why You Up In Here ( feat . Ludacris , Git Fresh & Gucci Mane )",Flo Rida,"Only One Flo , Pt. 1","Hip-Hop/Rap , Music , Rap , Dirty South",$ 1.29,2010 Atlantic Recording Corporation for the United States and WEA International Inc. for the world outside of the United States,3:36,24-Nov-10,Street Money ( feat . Rick Ross ) [ Explicit ],Flo Rida,Welcome to Flo Rida [ Explicit ],Rap & Hip-Hop,$ 0.99,2015 CMG Records,3:57,"April 6 , 2015"
61,0,Beautiful Now ( feat . Jon Bellion ) [ Charlie Darker Remix ],Zedd,Beautiful Now ( feat . Jon Bellion ) [ Remixes ] - EP,"Dance , Music",$ 1.29,2015 Interscope Records,4:15,10-Jul-15,Clarity ( Zedd Union Mix ) [ feat . Foxes ],Zedd,Clarity ( Remixes ),Dance & Electronic,$ 1.29,( C ) 2013 Interscope Records,3:28,"February 12 , 2013"
62,1,We Run,Sugarland,Love On the Inside ( Deluxe Fan Edition ),"Country , Music , Rock , Contemporary Country , Southern Rock , Contemporary Bluegrass",$ 1.29,"‰ ãÑ 2008 Mercury Records , a Division of UMG Recordings , Inc.",3:55,22-Jul-08,We Run,Sugarland,Love On The Inside,Country,$ 1.29,"( C ) 2008 Mercury Records , a Division of UMG Recordings , Inc.",3:56,"July 29 , 2008"
63,0,Toyfriend ( feat . Wynter Gordon ) [ Continuous Mix Version ],David Guetta,One Love ( Deluxe Version ),"Dance , Music",$ 1.29,2010 Gum Prod licence exclusive Parlophone Music France,2:51,21-Aug-09,S.T.O.P ( feat . Ryan Tedder ),David Guetta,Listen ( Deluxe ),Dance & Electronic,$ 1.29,2015 If Moving Your Mine,3:34,"November 24 , 2014"
66,1,Truce,twenty one pilots,Vessel,"Alternative , Music , Rock , Indie Rock,Hip-Hop / Rap , Rap , Underground Rap",$ 1.29,2012 Fueled By Ramen LLC for the United States and WEA International Inc. for the world outside of the United States .,2:22,4-Jan-13,Truce,twenty one pilots,Vessel,"Alternative Rock , Indie & Lo-Fi",$ 1.29,"( C ) 2000 Columbia Pictures Industries , Inc.",2:22,"January 4 , 2013"
67,0,Second Chance ( Live Acoustic from Kansas City ),Shinedown,Somewhere In the Stratosphere ( Live ),"Rock , Music , Metal , Alternative , Hard Rock",$ 1.29,2011 Atlantic Recording Corporation for the United States and WEA International Inc. for the world outside of the United States .,5:06,18-Apr-11,Diamond Eyes ( Boom-Lay Boom-Lay Boom ) [ Live From Washington State ],Shinedown,Somewhere In The Stratosphere,Rock,$ 1.29,( C ) 2005 MCA Nashville,5:44,"April 18 , 2011"
68,0,VHS Outro ( Interlude ),X Ambassadors,VHS,"Alternative , Music , Rock , Adult Alternative",$ 1.29,2015 KIDinaKORNER/Interscope Records,1:25,30-Jun-15,Smoke ( Interlude ) [ Explicit ],X Ambassadors,VHS [ Explicit ],Alternative Rock,$ 1.29,( C ) 2015 KIDinaKORNER/Interscope Records,0:24,"June 30 , 2015"
70,0,Toyfriend ( feat . Wynter Gordon ) [ Continuous Mix Version ],David Guetta,One Love ( Deluxe Version ),"Dance , Music",$ 1.29,2010 Gum Prod licence exclusive Parlophone Music France,2:51,21-Aug-09,Missing You ( Feat . Novel ; Continuous Mix Version ),David Guetta,One Love ( Deluxe Version ),Dance & Electronic,$ 1.29,( C ) 2014 Swedish House Mafia Holdings Ltd ( BVI ) under exclusive license to Virgin Records Ltd,4:59,"August 21 , 2009"
71,0,Hurt a Lot Worse When You Go,Toby Keith,"Beyond The Hits , Vol . 1","Country , Music",Album Only,‰ ãÑ 2011 TriPower,4:21,20-Dec-11,Days Go By,Keith Urban,Greatest Hits - 18 Kids,Country,$ 1.29,"å © 2007 Capitol Records Nashville . All rights reserved . Unauthorized reproduction is a violation of applicable laws . Manufactured by Capitol Records Nashville , 3322 West End Avenue , 11th Floor , Nash",3:49,"November 20 , 2007"
73,0,White Noise ( feat . AlunaGeorge ),Disclosure,Settle ( Deluxe Version ),"Electronic , Music",$ 1.29,"‰ ãÑ 2014 Universal Island Records , a division of Universal Music Operations Limited",4:37,15-Apr-14,Voices ( Wookie Remix ) [ feat . Sasha Keable ],Disclosure,Settle ( The Remixes ),"Electronica , Dance & Electronic",$ 1.29,"( C ) 2013 Universal Island Records , a division of Universal Music Operations Limited",5:33,"December 16 , 2013"
74,0,The Whisperer ( feat . Sia ),David Guetta,Listen,"Dance , Music , Electronic , House , Rock , French Pop",$ 1.29,"2014 What A Music Ltd. under exclusive license to Parlophone/Warner Music France , under exclusive license to Atlantic Recording Corporation for the United States . All rights reserved",3:54,24-Nov-14,Goodbye Friend ( feat . The Script ),David Guetta,Listen ( Deluxe ),Dance & Electronic,$ 1.29,2015 If Moving Your Mine,3:49,"November 24 , 2014"
76,0,Otherside Remix ( Live ),Macklemore & Ryan Lewis,Otherside Remix ( Live ) - Single,"Hip-Hop/Rap , Music",$ 0.99,"2011 Macklemore , LLC",6:10,31-Aug-11,English Girls Approximately ( Live in London 2 ),Ryan Adams,Live After Deaf ( London 2 ),"Folk , Rock",$ 0.99,2012 PAXAM RECORDS,5:08,"July 2 , 2012"
78,0,Toyfriend ( feat . Wynter Gordon ) [ Continuous Mix Version ],David Guetta,One Love ( Deluxe Version ),"Dance , Music",$ 1.29,2010 Gum Prod licence exclusive Parlophone Music France,2:51,21-Aug-09,When Love Takes Over ( Feat . Kelly Rowland ; Electro Extended ; Continuous Mix Version ),David Guetta,One Love ( Deluxe Version ),Dance & Electronic,$ 1.29,( C ) 2014 Swedish House Mafia Holdings Ltd ( BVI ) under exclusive license to Virgin Records Ltd,4:23,"August 21 , 2009"
79,0,Find You ( feat . Matthew Koma & Miriam Bryant ) [ Mike Hawkins Remix ],Zedd,Find You ( Remixes ),"Dance , Music , Electronic",$ 1.29,2014 Interscope Records,4:26,8-Apr-14,Beautiful Now ( KDrew Remix ) [ feat . Jon Bellion ],Zedd,Beautiful Now ( Remixes ),Dance & Electronic,$ 1.29,( C ) 2015 Interscope Records,3:59,"July 10 , 2015"
80,1,Afire Love,Ed Sheeran,x,"Singer/Songwriter , Music , Pop , Rock , Contemporary Singer/Songwriter , Adult Alternative",$ 1.29,"2014 Asylum Records UK , a Warner Music UK Company",5:14,20-Jun-14,Afire Love,Ed Sheeran,x,Pop,$ 1.29,( C ) 2014 mau5trap Recordings Ltd,5:14,"June 20 , 2014"
82,0,Stay the Night ( feat . Hayley Williams ),Zedd,"NOW That 's What I Call Music , Vol . 49","Pop , Music",Album Only,"‰ ãÑ 2014 UMG Recordings , Inc. and Sony Music Entertainment",3:34,4-Feb-14,Beautiful Now ( Zonderling Remix ) [ feat . Jon Bellion ],Zedd,Beautiful Now ( Remixes ),Dance & Electronic,$ 1.29,( C ) 2015 Interscope Records,3:53,"July 10 , 2015"
85,0,Kaskade - Fire & Ice Booklet,Kaskade,Fire & Ice,"Dance , Music , House , Electronic",Album Only,"2011 Ultra Records , Inc.",--,25-Oct-11,ICE ( Kaskades ICE Mix ),Kaskade,Fire & Ice,"Dance & Electronic , House",$ 1.29,2012 Coastal Entertainment,4:30,"July 23 , 2013"
86,1,Fly Solo,Wiz Khalifa,Rolling Papers ( Deluxe Version ),"Hip-Hop/Rap , Music , Hardcore Rap , East Coast Rap , Rap",$ 1.29,‰ ãÑ 2011 Atlantic Recording Corporation for the United States and WEA International Inc. for the world outside of the United States,3:20,28-Mar-11,Fly Solo [ Clean ],Wiz Khalifa,Rolling Papers ( Deluxe ) [ + Video ] [ + Digital Booklet ],Rap & Hip-Hop,$ 1.29,2011 Atlantic Recording Corporation for the United States and WEA International Inc. for the world outside of the United States,3:20,"March 28 , 2011"
88,0,Toyfriend ( feat . Wynter Gordon ) [ Continuous Mix Version ],David Guetta,One Love ( Deluxe Version ),"Dance , Music",$ 1.29,2010 Gum Prod licence exclusive Parlophone Music France,2:51,21-Aug-09,"Hey Mama ( feat . Nicki Minaj , Bebe Rexha & Afrojack )",David Guetta,Listen ( Deluxe ),Dance & Electronic,$ 1.29,2015 If Moving Your Mine,3:12,"November 24 , 2014"
90,1,Take You,Justin Bieber,Believe,"Pop , Music , Dance , Vocal , Teen Pop , Rock",$ 1.29,‰ ãÑ 2012 The Island Def Jam Music Group,3:40,19-Jun-12,Take You ( Album Version ),Justin Bieber,Believe,Pop,$ 1.29,( C ) 2012 The Island Def Jam Music Group,3:40,"June 19 , 2012"
91,0,Second Chance ( Live Acoustic from Kansas City ),Shinedown,Somewhere In the Stratosphere ( Live ),"Rock , Music , Metal , Alternative , Hard Rock",$ 1.29,2011 Atlantic Recording Corporation for the United States and WEA International Inc. for the world outside of the United States .,5:06,18-Apr-11,Simple Man ( Live From Washington State ),Shinedown,Somewhere In The Stratosphere,Rock,$ 1.29,( C ) 2005 MCA Nashville,7:35,"April 18 , 2011"
93,0,Toyfriend ( feat . Wynter Gordon ) [ Continuous Mix Version ],David Guetta,One Love ( Deluxe Version ),"Dance , Music",$ 1.29,2010 Gum Prod licence exclusive Parlophone Music France,2:51,21-Aug-09,My Shawty ( Album Version ( Explicit ) ) [ feat . Fiend ] [ Explicit ],David Banner,Mississippi-The Album ( Explicit Version ),Pop,$ 0.99,"( C ) 2003 Universal Records , a Division of UMG Recordings , Inc.",3:54,"May 20 , 2003"
94,0,Where Are '`` Now ( with Justin Bieber ) [ Ember Island Remix ],Skrillex & Diplo,Where Are '`` Now ( with Justin Bieber ) [ Remixes ] - EP,"Dance , Music",$ 1.29,2015 OWSLA / Mad Decent / Atlantic Recording Corporation for the United States and WEA International Inc. for the world outside of the United States . A Warner Music Group Company,2:31,16-Jun-15,Que Que feat . Maluca ( Toy Selectah Remix ),Dillon Francis & Diplo,Que Que Remix EP,Dance & Electronic,$ 0.99,2011 Mad Decent,4:50,"August 23 , 2011"
96,1,"Crack In the Pearl , Pt . II ( feat . Stevie Wonder & Jeff Bhasker )",Mark Ronson,Uptown Special,"Pop , Music , R&B / Soul , Funk , Soul",$ 1.29,"Tracks 4 & 6 ( P ) 2014 , all other tracks ( P ) 2015 Mark Ronson under exclusive licence to Sony Music Entertainment UK Limited",2:16,13-Jan-15,"Crack In the Pearl , Pt . II",Mark Ronson,Uptown Special [ Clean ],Pop,$ 1.29,2015 Real Sounds,2:16,"January 13 , 2015"
97,1,Slow Down ( Smash Mode Remix ),Selena Gomez,Slow Down ( Remixes ),"Dance , Music , Reggae , Rock , Electronic",$ 1.29,"2013 Hollywood Records , Inc.",5:21,20-Aug-13,Slow Down ( Smash Mode Remix ),Selena Gomez,Slow Down Remixes,Dance & Electronic,$ 1.29,"( C ) 2013 Hollywood Records , Inc.",5:21,"August 20 , 2013"
100,1,Son of Sam ( Bonus Track ),Shinedown,The Sound of Madness ( Deluxe Version ),"Rock , Music , Metal , Alternative , Grunge , Hard Rock",Album Only,2008 Atlantic Recording Corp. for the United States and WEA International Inc. for the world outside of the United States,3:37,23-Jun-08,Son Of Sam ( Bonus Track ),Shinedown,The Sound Of Madness [ Explicit ] [ Deluxe ],Rock,$ 0.99,2005 Z Records,3:37,"June 24 , 2008"
101,0,Toyfriend ( feat . Wynter Gordon ) [ Continuous Mix Version ],David Guetta,One Love ( Deluxe Version ),"Dance , Music",$ 1.29,2010 Gum Prod licence exclusive Parlophone Music France,2:51,21-Aug-09,"Lift me up ( feat . Nico & Vinz , Ladysmith Black Mambazo )",David Guetta,Listen ( Deluxe ),Dance & Electronic,$ 1.29,2015 If Moving Your Mine,3:58,"November 24 , 2014"
104,0,Who Dat Girl ( feat . Akon ),Flo Rida,"Only One Flo , Pt. 1 ( Deluxe Version )","Hip-Hop/Rap , Music , Rap , Dirty South",$ 1.29,‰ ãÑ 2010 Atlantic Recording Corporation for the United States and WEA International Inc. for the world outside of the United States,3:19,26-Nov-10,On and On ( Feat . Kevin Rudolf ),Flo Rida,Only One Flo ( Part 1 ) [ Deluxe ] [ + Video ] [ + Digital Booklet ],Rap & Hip-Hop,$ 1.29,2010 Atlantic Recording Corporation for the United States and WEA International Inc. for the world outside of the United States,2:58,"November 26 , 2010"
107,1,Credit,Meghan Trainor,Title ( Deluxe ),"Pop , Music , Rock , Pop/Rock , Dance , Teen Pop",$ 1.29,"2014 , 2015 Epic Records , a division of Sony Music Entertainment",2:51,9-Jan-15,Credit,Meghan Trainor,Title ( Deluxe ),Pop,$ 1.29,"2011 What A Music Ltd , licence exclusive Parlophone Music France",2:51,"January 9 , 2015"
108,0,Whateva ( feat . Monty ),Fetty Wap,Fetty Wap ( Deluxe ),"Hip-Hop/Rap , Music , Rap",Album Only,2015 300 Entertainment/RGF Productions,5:11,,Time ( feat . Monty ) [ Clean ],Fetty Wap,Fetty Wap [ Clean ],Rap & Hip-Hop,$ 1.29,"( C ) 2000 Mute Records Ltd. , a BMG Company , under exclusive license to INgrooves",4:38,"September 25 , 2015"
109,0,Confess To Me ( feat . Jessie Ware ),Disclosure,Settle ( Deluxe Version ),"Electronic , Music",$ 1.29,"‰ ãÑ 2014 Universal Island Records , a division of Universal Music Operations Limited",4:10,15-Apr-14,Omen [ feat . Sam Smith ],Disclosure,Caracal ( Deluxe ),"Electronica , Dance & Electronic",$ 1.29,"( C ) 2015 Island Records , a division of Universal Music Operations Limited",3:50,"September 25 , 2015"
111,1,Skrillex Orchestral Suite By Varien ( Bonus Track ),Skrillex,Bangarang,"Dance , Music , Electronic",$ 1.29,"2012 Big Beat Records , Inc. for the United States and WEA International for the world outside the United States .",6:54,27-Dec-11,Skrillex Orchestral Suite By Varien ( Bonus Track ),Skrillex,Bangarang EP [ Explicit ],"Dance & Electronic , Dubstep",$ 1.29,Elektroshok Records,6:54,"December 27 , 2011"
114,0,Second Chance ( Live Acoustic from Kansas City ),Shinedown,Somewhere In the Stratosphere ( Live ),"Rock , Music , Metal , Alternative , Hard Rock",$ 1.29,2011 Atlantic Recording Corporation for the United States and WEA International Inc. for the world outside of the United States .,5:06,18-Apr-11,Devour ( Live Acoustic From Kansas City ),Shinedown,Somewhere In The Stratosphere,Rock,$ 1.29,( C ) 2005 MCA Nashville,3:53,"April 18 , 2011"
115,0,Toyfriend ( feat . Wynter Gordon ) [ Continuous Mix Version ],David Guetta,One Love ( Deluxe Version ),"Dance , Music",$ 1.29,2010 Gum Prod licence exclusive Parlophone Music France,2:51,21-Aug-09,Still Pimpin ' ( Album Version ( Explicit ) ) [ feat . Kamikazi ] [ Explicit ],David Banner,Mississippi-The Album ( Explicit Version ),Pop,$ 0.99,"( C ) 2003 Universal Records , a Division of UMG Recordings , Inc.",7:11,"May 20 , 2003"
117,0,The Breath You Take,George Strait,"Now That 's What I Call Country , Vol . 4","Country , Music",Album Only,"2011 EMI MUSIC NORTH AMERICA / SONY MUSIC ENTERTAINMENT / UMG RECORDINGS , INC.",3:34,14-Jun-11,If You 're Thinking You Want A Stranger ( There 's One Coming Home ),George Strait,Strait Country,Country,$ 1.29,( C ) 1981 MCA Records Inc.,2:57,"September 23 , 1987"
118,0,Toyfriend ( feat . Wynter Gordon ) [ Continuous Mix Version ],David Guetta,One Love ( Deluxe Version ),"Dance , Music",$ 1.29,2010 Gum Prod licence exclusive Parlophone Music France,2:51,21-Aug-09,One Love ( Feat . Estelle ),David Guetta,One Love ( Deluxe Version ),Dance & Electronic,$ 1.29,( C ) 2014 Swedish House Mafia Holdings Ltd ( BVI ) under exclusive license to Virgin Records Ltd,4:01,"August 21 , 2009"
119,0,True Colors ( feat . Nicki Minaj ),Wiz Khalifa,Blacc Hollywood,"Hip-Hop/Rap , Music , Rap , East Coast Rap , Hardcore Rap , Rock",$ 1.29,2014 Atlantic Recording Corporation for the United States and WEA International Inc. for the world outside of the United States . A Warner Music Group Company,4:15,19-Aug-14,KK ( feat . Project Pat & Juicy J ) [ Explicit ],Wiz Khalifa,Blacc Hollywood ( Deluxe ) [ Explicit ],Rap & Hip-Hop,$ 1.29,2014 Atlantic Recording Corporation for the United States and WEA International Inc. for the world outside of the United States . A Warner Music Group Company,4:09,"August 19 , 2014"
120,0,Get Low ( Neo Fresco Remix ),Dillon Francis & DJ Snake,Get Low ( Remixes ) - EP,"Dance , Music",$ 1.29,"2014 , 2015 Wedgewood Productions , Inc. & DJ Snake Music LLC , under exclusive license to Columbia Records , a Division of Sony Music Entertainment",4:42,2-Jun-15,Que Que feat . Maluca ( Toy Selectah Remix ),Dillon Francis & Diplo,Que Que Remix EP,Dance & Electronic,$ 0.99,2011 Mad Decent,4:50,"August 23 , 2011"
121,0,Masterpiece ( feat . Jordan Rakei ),Disclosure,Caracal,"Electronic , Music , Dance , Garage , House , Rock",Album Only,"2015 Island Records , a division of Universal Music Operations Limited",4:01,,Willing & Able [ feat . Kwabs ],Disclosure,Caracal ( Deluxe ),"Electronica , Dance & Electronic",$ 1.29,"( C ) 2015 Island Records , a division of Universal Music Operations Limited",4:52,"September 25 , 2015"
124,0,If I Am a Stranger ( Live In Amsterdam ),Ryan Adams,Live After Deaf ( Live ) [ Complete Collection ],"Singer/Songwriter , Music , Rock",$ 0.99,2012 PAXAM RECORDS,5:10,2-Jul-12,Carolina Rain ( Live in Cork ),Ryan Adams,Live After Deaf ( Cork ),"Folk , Rock",$ 0.99,2012 PAXAM RECORDS,5:41,"August 9 , 2012"
127,0,Take Care ( feat . Rihanna ),Drake,Take Care ( Deluxe Version ),"Hip-Hop/Rap , Music",$ 1.29,‰ ãÑ 2011 Cash Money Records Inc.,4:37,15-Nov-11,The Real Her [ feat . Andre 3000 ] [ Explicit ],Drake,Take Care ( Deluxe Edition ) [ Explicit ],Rap & Hip-Hop,$ 1.29,( C ) 2012 Cash Money Records Inc.,5:21,"March 20 , 2012"
129,0,Sorry for Party Rocking,LMFAO,Sorry for Party Rocking ( Deluxe Version ),"Pop , Music , R&B / Soul,Electronic,Dance,Rock,Hip-Hop / Rap , Rap",$ 1.29,"‰ ãÑ 2011 Foo & Blu , LLC under exclusive License to Interscope Records",3:23,21-Jun-11,Party Rock Anthem ( Made Famous By Lmfao Feat Lauren Bennett & Goon Rock ) ( Karaoke Version ),Lmfao Feat Lauren Bennett & Goon Rock Karaoke Band,Party rock anthem ( Karaoke ),International,$ 0.89,( c ) 2011 BGM Industrias del Disco S.A. ( Magenta Discos ),4:24,"July 14 , 2011"
131,1,Speakers,Sam Hunt,Montevallo,"Country , Music , Pop , Pop/Rock , Honky Tonk , Contemporary Country , Rock",$ 1.29,"2014 MCA Nashville , a Division of UMG Recordings , Inc.",3:46,27-Oct-14,Speakers,Sam Hunt,Montevallo,Country,$ 1.29,"( C ) 2014 MCA Nashville , a Division of UMG Recordings , Inc.",3:48,"October 27 , 2014"
135,0,Rock N ' Roll ( Will Take You to the Mountain ),Skrillex,More Monsters and Sprites,"Dance , Music , House , Rock , Electronic",$ 1.99,"2011 Big Beat Records , Inc. for the United States and WEA International for the world outside the United States .",4:34,21-Jun-11,All I Ask Of You ( Feat . Penny ),Skrillex,Scary Monsters And Nice Sprites EP [ Explicit ],"Electronica , Dance & Electronic , Dubstep",$ 1.29,( c ) 2013 Digitop Ltd,5:40,"December 21 , 2010"
137,0,Toyfriend ( feat . Wynter Gordon ) [ Continuous Mix Version ],David Guetta,One Love ( Deluxe Version ),"Dance , Music",$ 1.29,2010 Gum Prod licence exclusive Parlophone Music France,2:51,21-Aug-09,Dangerous ( feat . Sam Martin ) [ Robin Schulz Remix ] [ Radio Edit ],David Guetta,Listen ( Deluxe ),Dance & Electronic,$ 1.29,2015 If Moving Your Mine,3:20,"November 24 , 2014"
139,1,6PM In New York,Drake,If You 're Reading This It 's Too Late,"Hip-Hop/Rap , Music , Hardcore Rap , Rap , R&B / Soul , Contemporary R&B",$ 1.29,2015 Cash Money Records Inc.,4:43,13-Feb-15,6PM In New York [ Explicit ],Drake,If You 're Reading This It 's Too Late [ Explicit ],Rap & Hip-Hop,$ 1.29,( C ) 2015 Cash Money Records Inc.,4:43,"February 13 , 2015"
141,0,Delirious ( feat . Tara McDonald ),David Guetta,Pop Life ( Extended Version ) [ Bonus Version ],"Dance , Music , Rock , Pop , House , Electronic , Electronica , Adult Alternative",$ 1.29,‰ ãÑ 2007 Gum Records,4:31,18-Sep-07,One Love ( Feat . Estelle ),David Guetta,One Love ( Deluxe Version ),Dance & Electronic,$ 1.29,( C ) 2014 Swedish House Mafia Holdings Ltd ( BVI ) under exclusive license to Virgin Records Ltd,4:01,"August 21 , 2009"
143,0,Remember You ( feat . The Weeknd ),Wiz Khalifa,O.N.I.F.C. ( Deluxe Version ),"Hip-Hop/Rap , Music , Hardcore Rap , East Coast Rap , Rap",$ 1.99,2012 Atlantic Recording Corporation for the United States and WEA International Inc. for the world outside of the United States,5:20,4-Dec-12,Bluffin ( feat . Berner ) [ Explicit ],Wiz Khalifa,O.N.I.F.C. [ Explicit ],Rap & Hip-Hop,$ 1.29,2012 Atlantic Recording Corporation for the United States and WEA International Inc. for the world outside of the United States,5:32,"December 4 , 2012"
144,0,That Ai n't Me ( feat . Jay Sean ),Lil Wayne & Jay Sean,I Am Not a Human Being,"Hip-Hop/Rap , Music , Rap , Hardcore Rap , Dirty South",$ 1.29,‰ ãÑ 2010 Cash Money Records Inc.,4:02,15-Nov-10,Love Me ( Album Version ( Explicit ) ) [ feat . Drake ] [ Explicit ],Lil Wayne,I Am Not A Human Being II ( Explicit Version ) [ + digital booklet ],Rap & Hip-Hop,$ 1.29,2005 Secretly Canadian,4:15,"March 26 , 2013"
146,0,Remember You ( feat . The Weeknd ),Wiz Khalifa,O.N.I.F.C. ( Deluxe Version ),"Hip-Hop/Rap , Music , Hardcore Rap , East Coast Rap , Rap",$ 1.99,2012 Atlantic Recording Corporation for the United States and WEA International Inc. for the world outside of the United States,5:20,4-Dec-12,The Plan ( feat . Juicy J ) [ Explicit ],Wiz Khalifa,O.N.I.F.C. [ Explicit ],Rap & Hip-Hop,$ 1.29,2012 Atlantic Recording Corporation for the United States and WEA International Inc. for the world outside of the United States,4:54,"December 4 , 2012"
147,0,Second Chance ( Live Acoustic from Kansas City ),Shinedown,Somewhere In the Stratosphere ( Live ),"Rock , Music , Metal , Alternative , Hard Rock",$ 1.29,2011 Atlantic Recording Corporation for the United States and WEA International Inc. for the world outside of the United States .,5:06,18-Apr-11,Intro ( Scary Fairy ) [ Live From Washington State ],Shinedown,Somewhere In The Stratosphere,Rock,$ 1.29,( C ) 2005 MCA Nashville,1:02,"April 18 , 2011"
148,0,Voices ( feat . Sasha Keable ),Disclosure,Settle ( Deluxe Version ),"Electronic , Music",$ 1.29,"‰ ãÑ 2014 Universal Island Records , a division of Universal Music Operations Limited",4:09,15-Apr-14,Help Me Lose My Mind [ feat . London Grammar ],Disclosure,Settle,"Electronica , Dance & Electronic",$ 1.29,"( C ) 2013 Universal Island Records , a division of Universal Music Operations Limited",4:05,"June 11 , 2013"
149,1,Space Bound,Eminem,Recovery ( Deluxe Edition ),"Hip-Hop/Rap , Music , Rock , Hardcore Rap , Rap",$ 1.29,‰ ãÑ 2010 Aftermath Records,4:38,21-Jun-10,Space Bound [ Explicit ],Eminem,Recovery ( Amazon Version ) [ Explicit ] [ + video ] [ + digital booklet ],"Gangsta & Hardcore , Rap & Hip-Hop",$ 1.29,( C ) 2010 Aftermath Records,4:39,"June 21 , 2010"
150,1,We Dem Boyz,Wiz Khalifa,Blacc Hollywood ( Deluxe Version ),"Hip-Hop/Rap , Music , Rap , Hardcore Rap , East Coast Rap , Rock",$ 1.99,2014 Atlantic Recording Corporation for the United States and WEA International Inc. for the world outside of the United States . A Warner Music Group Company,3:56,19-Aug-14,We Dem Boyz [ Explicit ],Wiz Khalifa,Blacc Hollywood [ Explicit ],Rap & Hip-Hop,$ 1.29,2014 Atlantic Recording Corporation for the United States and WEA International Inc. for the world outside of the United States . A Warner Music Group Company,3:45,"August 19 , 2014"
155,1,G.U.Y.,Lady Gaga,ARTPOP,"Pop , Music , Dance , Rock",$ 1.29,‰ ãÑ 2013 Interscope Records,3:52,11-Nov-13,G.U.Y. [ Clean ],Lady Gaga,Artpop [ Clean ],Pop,$ 1.29,( C ) 2013 Interscope Records,3:52,"November 11 , 2013"
156,0,"Fly from the Inside ( Live Acoustic from WXDX , Pittsburgh )",Shinedown,Leave a Whisper ( Deluxe Version ),"Rock , Music , Hard Rock , Alternative",$ 1.29,2009 Atlantic Recording Corporation for the United States and WEA International for the world outside of the United States,3:59,27-May-03,Simple Man [ Acoustic ],Shinedown,Leave A Whisper ( Deluxe ),Rock,$ 1.29,2015 Mad Decent,5:20,"May 27 , 2003"
157,0,Toyfriend ( feat . Wynter Gordon ) [ Continuous Mix Version ],David Guetta,One Love ( Deluxe Version ),"Dance , Music",$ 1.29,2010 Gum Prod licence exclusive Parlophone Music France,2:51,21-Aug-09,Dangerous ( feat . Sam Martin ) [ Robin Schulz Remix ] [ Radio Edit ],David Guetta,Listen ( Deluxe ),Dance & Electronic,$ 1.29,2015 If Moving Your Mine,3:20,"November 24 , 2014"
158,0,Applause ( Goldhouse Remix ),Lady Gaga,Applause ( Remixes ),"Pop , Music , Electronic , Rock",$ 1.29,2013 Interscope Records,4:34,30-Sep-13,Applause ( Empire Of The Sun Remix ),Lady Gaga,Applause ( Remixes ),Pop,$ 1.29,( C ) 2013 Interscope Records,4:08,"September 30 , 2013"
159,1,Tackle Box,Luke Bryan,I 'll Stay Me,"Country , Music , Contemporary Country , Pop",$ 1.29,"2006 , 2007 Capitol Records Nashville . All rights reserved . Unauthorized reproduction is a violation of applicable laws . Manufactured by Capitol Records Nashville , 3322 West End Avenue , 11th Floor , Nashville , TN 37203",4:02,14-Aug-07,Tackle Box,Luke Bryan,I 'll Stay Me,Country,$ 1.29,"( C ) 2007 Capitol Records Nashville . All rights reserved . Unauthorized reproduction is a violation of applicable laws . Manufactured by Capitol Records Nashville , 3322 West End Avenue , 11th Floor , Nash",4:02,"August 14 , 2007"
161,0,Remember You ( feat . The Weeknd ),Wiz Khalifa,O.N.I.F.C. ( Deluxe Version ),"Hip-Hop/Rap , Music , Hardcore Rap , East Coast Rap , Rap",$ 1.99,2012 Atlantic Recording Corporation for the United States and WEA International Inc. for the world outside of the United States,5:20,4-Dec-12,House In The Hills ( feat . Curren $ y ) [ Explicit ],Wiz Khalifa,Blacc Hollywood ( Deluxe ) [ Explicit ],Rap & Hip-Hop,$ 1.29,2014 Atlantic Recording Corporation for the United States and WEA International Inc. for the world outside of the United States . A Warner Music Group Company,4:52,"August 19 , 2014"
162,1,X2CU,Jason Derulo,Everything Is 4,"Pop , Music , Rock , Dance , R&B / Soul , Contemporary R&B",$ 1.29,2015 Warner Bros. . Records Inc.,5:13,29-May-15,X2CU,Jason Derulo,Everything Is 4 [ Clean ],Pop,$ 1.29,2011 Because Music,5:14,"June 1 , 2015"
163,0,Toyfriend ( feat . Wynter Gordon ) [ Continuous Mix Version ],David Guetta,One Love ( Deluxe Version ),"Dance , Music",$ 1.29,2010 Gum Prod licence exclusive Parlophone Music France,2:51,21-Aug-09,Shot me Down ( feat . Skylar Grey ) [ Radio Edit ],David Guetta,Listen ( Deluxe ),Dance & Electronic,$ 1.29,2015 If Moving Your Mine,3:11,"November 24 , 2014"
164,0,I 'm a Machine ( feat . Crystal Nicole and Tyrese Gibson ),David Guetta,Nothing But the Beat,"Dance , Music , House , Electronic , Rock",$ 1.29,"2011 What A Music Ltd , Licence exclusive Parlophone Music France",3:34,26-Aug-11,I Can Only Imagine ( feat . Chris Brown & Lil Wayne ),David Guetta,Nothing But the Beat 2.0 [ Explicit ],Dance & Electronic,$ 0.99,2015 Real Sounds,3:29,"August 26 , 2011"
165,0,Original Don ( feat . The Partysquad ) [ The Partysquad & Punish Smash Em Remix ],Major Lazer,Original Don ( feat . The Partysquad ) [ Remixes ] - EP,"Electronic , Music , Dance",$ 1.29,2011 Downtown Records Unders exclusive license to Interscope Records in the U.S.A.,3:38,1-Nov-11,Powerful ( Michael Calfan Remix ) [ feat . Ellie Goulding ],Major Lazer,Powerful ( Remixes ),"Electronica , Dance & Electronic",$ 1.29,"( C ) 2015 Third Pardee Records , LLC under exclusive license to Interscope Records in the United States",5:27,"September 11 , 2015"
167,0,Get Your S ** t,Wiz Khalifa,Rolling Papers ( Deluxe Version ),"Hip-Hop/Rap , Music , Hardcore Rap , East Coast Rap , Rap",$ 1.29,‰ ãÑ 2011 Atlantic Recording Corporation for the United States and WEA International Inc. for the world outside of the United States,4:36,28-Mar-11,You And Your Friends ( feat . Snoop Dogg & Ty Dolla $ ign ) [ Explicit ],Wiz Khalifa,Blacc Hollywood ( Deluxe ) [ Explicit ],Rap & Hip-Hop,$ 1.29,2014 Atlantic Recording Corporation for the United States and WEA International Inc. for the world outside of the United States . A Warner Music Group Company,3:06,"August 19 , 2014"
169,1,Love Song,P!NK,Try This,"Pop , Music , Teen Pop , Electronic , Pop/Rock , R&B / Soul , Dance",$ 0.99,"2003 Arista Records , Inc.",2:28,10-Nov-03,Love Song,P!nk,Try This [ Explicit ],Pop,$ 0.99,CWM records,2:27,"November 11 , 2003"
170,1,Extra Extra Credit,Wiz Khalifa,Flight School,"Hip-Hop/Rap , Music",$ 0.99,2009 Rostrum Records,4:03,17-Apr-09,Extra Extra Credit [ Explicit ],Wiz Khalifa,Flight School [ Explicit ],Rap & Hip-Hop,$ 0.99,2013 Mad Decent,4:03,"April 17 , 2009"
171,1,Voy a Beber ( feat . ' • ejo ) [ Remix ],Nicky Jam,"Greatest Hits , Vol . 1","Latin Urban , Music , Latino",$ 0.99,2014 La Industria Inc licencia a Codiscos S.A.S.,3:44,4-Nov-14,Voy a Beber ( Remix ),Nicky Jam,"Greatest Hits , Vol . 1","International , Latin Music",$ 0.99,( C ) 2014 La industria Inc,3:44,"November 4 , 2014"
172,0,Remember You ( feat . The Weeknd ),Wiz Khalifa,O.N.I.F.C. ( Deluxe Version ),"Hip-Hop/Rap , Music , East Coast Rap , Hardcore Rap , Rap",$ 1.99,2012 Atlantic Recording Corporation for the United States and WEA International Inc. for the world outside of the United States,5:20,4-Dec-12,The Bluff ( feat . Cam ` Ron ) [ Clean ],Wiz Khalifa,O.N.I.F.C. [ Clean ],Rap & Hip-Hop,$ 1.29,2012 Atlantic Recording Corporation for the United States and WEA International Inc. for the world outside of the United States,3:48,"December 4 , 2012"
173,1,The Back Roads and the Back Row,Cole Swindell,Cole Swindell,"Country , Music , Contemporary Country",$ 1.29,2014 Warner Music Nashville LLC and WEA International Inc. for the world outside the U.S.,3:41,18-Feb-14,The Back Roads & The Back Row,Cole Swindell,Cole Swindell,Country,$ 1.29,"( C ) 2011 UMG Recordings , Inc.",3:44,"February 18 , 2014"
174,0,VHS Outro ( Interlude ),X Ambassadors,VHS,"Alternative , Music , Rock , Adult Alternative",$ 1.29,2015 KIDinaKORNER/Interscope Records,1:25,30-Jun-15,Moving Day ( Interlude ),X Ambassadors,VHS [ Clean ],Alternative Rock,$ 1.29,( C ) 2015 KIDinaKORNER/Interscope Records,0:19,"June 30 , 2015"
175,1,VHS Outro ( Interlude ),X Ambassadors,VHS,"Alternative , Music , Rock , Adult Alternative",$ 1.29,2015 KIDinaKORNER/Interscope Records,1:25,30-Jun-15,VHS Outro ( Interlude ) [ Explicit ],X Ambassadors,VHS [ Explicit ],Alternative Rock,$ 1.29,( C ) 2015 KIDinaKORNER/Interscope Records,1:25,"June 30 , 2015"
179,0,VHS Outro ( Interlude ),X Ambassadors,VHS,"Alternative , Music , Rock , Adult Alternative",$ 1.29,2015 KIDinaKORNER/Interscope Records,1:25,30-Jun-15,Moving Day ( Interlude ),X Ambassadors,VHS [ Explicit ],Alternative Rock,$ 1.29,( C ) 2015 KIDinaKORNER/Interscope Records,0:19,"June 30 , 2015"
181,1,The Back Roads and the Back Row,Cole Swindell,Cole Swindell,"Country , Music , Contemporary Country",$ 1.29,2014 Warner Music Nashville LLC and WEA International Inc. for the world outside the U.S.,3:41,18-Feb-14,The Back Roads & The Back Row,Cole Swindell,Cole Swindell,Country,$ 1.29,"( C ) 2011 UMG Recordings , Inc.",3:44,"February 18 , 2014"
184,0,Club Ca n't Handle Me ( Ridney Remix ),Flo Rida,Club Ca n't Handle Me ( feat . David Guetta ) [ From `` Step Up 3D '' ] { The Remixes } - EP,"Dance , Music",$ 1.29,2010 Atlantic Recording Corporation for the United States and WEA International Inc. for the world outside of the United States,6:10,17-Aug-10,Good Feeling ( Hook N Sling Remix ),Flo Rida,Good Feeling ( Remixes ),Dance & Electronic,$ 1.29,( C ) 2009 MPL Tours Inc. under exclusive license to StarCon LLC d/b/a Hear MusicTM,6:15,"November 15 , 2011"
186,0,Beautiful Now ( feat . Jon Bellion ) [ Charlie Darker Remix ],Zedd,Beautiful Now ( feat . Jon Bellion ) [ Remixes ] - EP,"Dance , Music",$ 1.29,2015 Interscope Records,4:15,10-Jul-15,Spectrum ( Deniz Koyu Remix ) [ feat . Matthew Koma ],Zedd,Spectrum EP,Dance & Electronic,$ 1.29,( C ) 2012 Interscope Records,6:35,"July 31 , 2012"
187,0,Remember You ( feat . The Weeknd ),Wiz Khalifa,O.N.I.F.C. ( Deluxe Version ),"Hip-Hop/Rap , Music , East Coast Rap , Hardcore Rap , Rap",$ 1.99,2012 Atlantic Recording Corporation for the United States and WEA International Inc. for the world outside of the United States,5:20,4-Dec-12,"Rise Above ( feat . Pharrell , Tuki Carter & Amber Rose ) [ Explicit ]",Wiz Khalifa,O.N.I.F.C. [ Explicit ],Rap & Hip-Hop,$ 1.29,2012 Atlantic Recording Corporation for the United States and WEA International Inc. for the world outside of the United States,4:31,"December 4 , 2012"
189,0,Dangerous ( feat . Sam Martin ) [ Robin Schulz Remix ] [ Radio Edit ],David Guetta,Listen ( Deluxe Version ),"Dance , Music , Rock , House , Electronic , French Pop",$ 1.29,"2014 What A Music Ltd. under exclusive license to Parlophone/Warner Music France , under exclusive license to Atlantic Recording Corporation for the United States . All rights reserved .",3:20,24-Nov-14,Goodbye Friend ( feat . The Script ),David Guetta,Listen ( Deluxe ),Dance & Electronic,$ 1.29,2015 If Moving Your Mine,3:49,"November 24 , 2014"
192,1,VHS Outro ( Interlude ),X Ambassadors,VHS,"Alternative , Music , Rock , Adult Alternative",$ 1.29,2015 KIDinaKORNER/Interscope Records,1:25,30-Jun-15,VHS Outro ( Interlude ) [ Clean ],X Ambassadors,VHS [ Clean ],Alternative Rock,$ 1.29,( C ) 2015 KIDinaKORNER/Interscope Records,1:26,"June 30 , 2015"
193,0,First - Return to Tackyland,Cold War Kids,Hold My Home ( Deluxe Edition ),"Alternative , Music , Indie Rock , Rock",$ 1.29,‰ ãÑ 2014 Downtown Records,3:26,11-Sep-15,First,Cold War Kids,Hold My Home,Alternative Rock,$ 1.29,( C ) 2014 Downtown Records,3:20,"October 21 , 2014"
195,0,Remember You ( feat . The Weeknd ),Wiz Khalifa,O.N.I.F.C. ( Deluxe Version ),"Hip-Hop/Rap , Music , East Coast Rap , Hardcore Rap , Rap",$ 1.99,2012 Atlantic Recording Corporation for the United States and WEA International Inc. for the world outside of the United States,5:20,4-Dec-12,So High ( feat . Ghost Loft ) [ Explicit ],Wiz Khalifa,Blacc Hollywood ( Deluxe ) [ Explicit ],Rap & Hip-Hop,$ 1.29,2014 Atlantic Recording Corporation for the United States and WEA International Inc. for the world outside of the United States . A Warner Music Group Company,4:09,"August 19 , 2014"
198,0,Epilogue ( feat . George the Poet ),Naughty Boy,Hotel Cabana,"Pop , Music , R&B / Soul , Contemporary R&B , Hip-Hop/Rap , Pop/Rock , Rock",$ 1.29,2014 Naughty Boy Recordings Ltd under exclusive licence to Virgin Records Ltd,1:28,6-May-14,Hollywood [ feat . Gabrielle ],Naughty Boy,Hotel Cabana ( Deluxe Version ) [ Explicit ],Pop,$ 1.29,( C ) 2014 Naughty Boy Recordings Ltd under exclusive licence to Virgin Records Ltd,4:05,"May 6 , 2014"
200,0,Dangerous ( feat . Sam Martin ) [ Robin Schulz Remix ] [ Radio Edit ],David Guetta,Listen ( Deluxe Version ),"Dance , Music , Rock , House , Electronic , French Pop",$ 1.29,"2014 What A Music Ltd. under exclusive license to Parlophone/Warner Music France , under exclusive license to Atlantic Recording Corporation for the United States . All rights reserved .",3:20,24-Nov-14,"Hey Mama ( feat . Nicki Minaj , Bebe Rexha & Afrojack )",David Guetta,Listen ( Deluxe ),Dance & Electronic,$ 1.29,2015 If Moving Your Mine,3:12,"November 24 , 2014"
201,0,Toyfriend ( feat . Wynter Gordon ) [ Continuous Mix Version ],David Guetta,One Love ( Deluxe Version ),"Dance , Music",$ 1.29,2010 Gum Prod licence exclusive Parlophone Music France,2:51,21-Aug-09,My Shawty ( Album Version ( Explicit ) ) [ feat . Fiend ] [ Explicit ],David Banner,Mississippi-The Album ( Explicit Version ),Pop,$ 0.99,"( C ) 2003 Universal Records , a Division of UMG Recordings , Inc.",3:54,"May 20 , 2003"
202,0,If I Am a Stranger ( Live In Amsterdam ),Ryan Adams,Live After Deaf ( Live ) [ Complete Collection ],"Singer/Songwriter , Music , Rock",$ 0.99,2012 PAXAM RECORDS,5:10,2-Jul-12,Do I Wait ( Live in Lisbon Bonus Track ),Ryan Adams,Live After Deaf ( Collection ),"Folk , Rock",$ 0.99,2012 PAXAM RECORDS,5:08,"July 2 , 2012"
208,0,"Piensas en M ' _ ( feat . Luigi 21 Plus , Jory & Yelsid ) [ Remix ]",Nicky Jam,Nicky Jam Hits,"Latin Urban , Music , Latino",$ 0.99,2014 La Industria Inc. . Licencia a Codiscos S.A.S.,4:46,9-Sep-14,Cuando Te Veo Remix Feat . Nicky Jam ( Urban Version ),ChocQuibTown feat . Nicky Jam,Cuando Te Veo Remix Feat . Nicky Jam,"International , Latin Music",$ 1.29,( C ) 2014 Acoda,3:51,"April 17 , 2015"
210,0,We Dem Boyz,Wiz Khalifa,Blacc Hollywood ( Deluxe Version ),"Hip-Hop/Rap , Music , Rap , East Coast Rap , Hardcore Rap , Rock",$ 1.99,2014 Atlantic Recording Corporation for the United States and WEA International Inc. for the world outside of the United States . A Warner Music Group Company,3:56,19-Aug-14,"We Dem Boyz Remix ( feat . Rick Ross , ScHoolboy Q & Nas ) [ Explicit ]",Wiz Khalifa,Blacc Hollywood ( Deluxe ) [ Explicit ],Rap & Hip-Hop,$ 1.29,2014 Atlantic Recording Corporation for the United States and WEA International Inc. for the world outside of the United States . A Warner Music Group Company,5:19,"August 19 , 2014"
211,0,Judas ( Royksopp 's 30 Pieces Remix ),Lady Gaga,Born This Way ( The Remix ),"Pop , Music , Dance",Album Only,2011 Interscope Records,9:18,21-Nov-11,Alejandro ( The Sound of Arrows Remix ),Lady Gaga,The Remix,Pop,$ 1.29,( C ) 2010 Interscope,3:57,"August 3 , 2010"
213,0,Do Something Love ( feat . Juliet ),David Guetta,Pop Life ( Extended Version ) [ Bonus Version ],"Dance , Music , Rock , Pop , House , Electronic , Electronica , Adult Alternative",$ 1.29,‰ ãÑ 2007 Gum Records,4:10,18-Sep-07,When Love Takes Over ( feat . Kelly Rowland ),David Guetta,One Love ( Deluxe Version ),Dance & Electronic,$ 1.29,( C ) 2014 Swedish House Mafia Holdings Ltd ( BVI ) under exclusive license to Virgin Records Ltd,3:11,"August 21 , 2009"
215,0,The Motto ( feat . Lil Wayne ) [ Bonus Track ],Drake,Take Care ( Deluxe Version ),"Hip-Hop/Rap , Music",$ 1.29,‰ ãÑ 2011 Cash Money Records Inc.,3:01,15-Nov-11,"Fancy ( Edited ) [ feat . T.I. , Swizz Beatz ]",Drake,Thank Me Later ( Edited Version ),Rap & Hip-Hop,$ 1.29,( C ) 2010 Young Money Entertainment/Cash Money Records/Universal Motown,5:19,"June 16 , 2010"
217,1,Rashi ( Outro ),Mark Ronson,Here Comes the Fuzz,"Dance,Music,Hip-Hop / Rap,Hip-Hop , Alternative Rap , R&B / Soul , Soul , Electronic",$ 0.99,2003 Elektra Entertainment for the United States and WEA International Inc. for the world outside of the United States .,2:01,29-Aug-03,Rashi ( Outro ),Mark Ronson,Here Comes The Fuzz [ Explicit ],Dance & Electronic,$ 0.99,( c ) 2015 Karaoke Freaks,2:01,"August 29 , 2003"
218,0,Original Don ( feat . The Partysquad ) [ The Partysquad & Punish Smash Em Remix ],Major Lazer,Original Don ( feat . The Partysquad ) [ Remixes ] - EP,"Electronic , Music , Dance",$ 1.29,2011 Downtown Records Unders exclusive license to Interscope Records in the U.S.A.,3:38,1-Nov-11,Lean On ( Fono Remix ) [ feat . MÌ ÷ & DJ Snake ],Major Lazer,Lean On ( Remixes ),Dance & Electronic,$ 1.29,2015 Mad Decent,5:09,"July 10 , 2015"
220,0,Whateva ( feat . Monty ),Fetty Wap,Fetty Wap ( Deluxe ),"Hip-Hop/Rap , Music , Rap",Album Only,2015 300 Entertainment/RGF Productions,5:11,,679 ( feat . Monty ) [ Explicit ],Fetty Wap,Fetty Wap [ Explicit ],Rap & Hip-Hop,$ 1.29,"( C ) 2000 Mute Records Ltd. , a BMG Company , under exclusive license to INgrooves",3:07,"September 25 , 2015"
221,0,Remember You ( feat . The Weeknd ),Wiz Khalifa,O.N.I.F.C. ( Deluxe Version ),"Hip-Hop/Rap , Music , East Coast Rap , Hardcore Rap , Rap",$ 1.99,2012 Atlantic Recording Corporation for the United States and WEA International Inc. for the world outside of the United States,5:20,4-Dec-12,Medicated ( feat . Chevy Woods & Juicy J ) [ Explicit ],Wiz Khalifa,O.N.I.F.C. [ Explicit ],Rap & Hip-Hop,$ 1.29,2012 Atlantic Recording Corporation for the United States and WEA International Inc. for the world outside of the United States,5:31,"December 4 , 2012"
222,1,Sunburn ( Bonus Track ),Ed Sheeran,#NAME ?,"Singer/Songwriter , Music",$ 1.29,2011 Warner Music UK Limited,4:35,9-Sep-11,Sunburn ( Deluxe Edition ),Ed Sheeran,#NAME ?,Pop,$ 1.29,Doll records,4:35,"September 9 , 2011"
223,0,Otherside Remix ( Live ),Macklemore & Ryan Lewis,Otherside Remix ( Live ) - Single,"Hip-Hop/Rap , Music",$ 0.99,"2011 Macklemore , LLC",6:10,31-Aug-11,Gim me Something Good ( Live At Carnegie Hall / 11/17/2014 ) [ Explicit ],Ryan Adams,Ten Songs From Live At Carnegie Hall [ Explicit ],Rock,$ 1.29,( C ) 2015 PaxAmericana Recording Company Under Exclusive License To Blue Note Records,6:36,"June 9 , 2015"
225,1,Available ( feat . Akon ),Flo Rida,R.O.O.T.S. ( Deluxe Version ),"Hip-Hop/Rap , Music",$ 1.29,‰ ãÑ 2009 Atlantic Recording Corporation for the United States and WEA International Inc. for the world outside of the United States,4:24,30-Mar-09,Available [ Feat . Akon ],Flo Rida,R.O.O.T.S. ( Route Of Overcoming The Struggle ) ( Amended Amazon Exclusive ) [ Clean ],Rap & Hip-Hop,$ 1.29,"( C ) 2012 Motown Records , a Division of UMG Recordings , Inc.",4:24,"March 30 , 2009"
226,0,Pray to God ( feat . HAIM ) [ Calvin Harris vs Mike Pickering Hacienda Remix ],Calvin Harris,Pray to God ( Remixes ) [ feat . HAIM ] - Single,"Dance , Music",$ 1.29,2015 Sony Music Entertainment UK Limited,3:43,26-May-15,How Deep Is Your Love ( Calvin Harris & R3hab Remix ),Calvin Harris & Disciples,How Deep Is Your Love ( Remixes ),Dance & Electronic,$ 1.29,"( C ) 2015 Island Records , a division of Universal Music Operations Limited",4:16,"August 7 , 2015"
227,0,I 'm a Machine ( feat . Crystal Nicole and Tyrese Gibson ),David Guetta,Nothing But the Beat,"Dance , Music , Rock , House , Electronic",$ 1.29,"2011 What A Music Ltd , Licence exclusive Parlophone Music France",3:34,26-Aug-11,I Can Only Imagine ( Feat . Chris Brown & Lil Wayne ),David Guetta,Nothing But The Beat,Dance & Electronic,$ 1.29,2009 Andy Henningsen,3:29,"August 26 , 2011"
228,0,Get Free ( feat . Amber of Dirty Projectors ) [ What So Not Remix ],Major Lazer,Free the Universe ( Extended Version ),"Electronic , Music , Rock , Reggae , Modern Dancehall , Dance",$ 1.29,‰ ãÑ 2013 Secretly Canadian / Mad Decent,4:58,18-Jun-13,"Jet Blue Jet ( feat . Leftside , GTA , Razz & Biggy )",Major Lazer,Free the Universe,Dance & Electronic,$ 1.29,2013 Secretly Canadian / Mad Decent,3:19,"April 16 , 2013"
229,0,Lick It ( Norman Doray Remix ),Kaskade & Skrillex,Lick It ( Remixes ) - EP,"Dance , Music , Electronic",$ 1.29,"2012 Ultra Records , Inc.",6:14,17-Apr-12,Make It Bun Dem ( Flinch Remix ),Skrillex & Damian Jr Gong '' Marley '',Make It Bun Dem After Hours EP,Dance & Electronic,$ 1.29,2015 RGK,3:55,"August 28 , 2012"
230,0,Stop Me ( Kissy Sell Out Remix ),Daniel Merriweather & Mark Ronson,Stop Me ( Remixes ) - EP,"Electronic,Music,Hip-Hop / Rap , Alternative Rap , R&B / Soul,Neo-Soul , Soul , Contemporary R&B",$ 0.99,2007 Mark Ronson under exclusive license to SONY BMG MUSIC ENTERTAINMENT ( UK ) LIMITED,5:58,14-Aug-07,I Ca n't Lose ( LindstrÌüm Remix ),Mark Ronson feat . Keyone Starr,I Ca n't Lose ( Remixes ) - EP,Pop,$ 1.29,2015 Real Sounds,7:42,"July 3 , 2015"
231,1,Clean,Ryan Adams,1989,"Rock , Music",$ 1.29,2015 PaxAmericana Recording Company Under Exclusive License To Blue Note Records,4:23,21-Sep-15,Clean,Ryan Adams,1989,Rock,$ 1.29,( C ) 2015 PaxAmericana Recording Company Under Exclusive License To Blue Note Records,4:23,"September 21 , 2015"
234,0,Dangerous ( feat . Sam Martin ) [ Robin Schulz Remix ] [ Radio Edit ],David Guetta,Listen ( Deluxe Version ),"Dance , Music , Rock , House , Electronic , French Pop",$ 1.29,"2014 What A Music Ltd. under exclusive license to Parlophone/Warner Music France , under exclusive license to Atlantic Recording Corporation for the United States . All rights reserved .",3:20,24-Nov-14,Take Your ( Album Version ( Edited ) ) [ feat . Bun B ] [ Clean ],David Banner,Certified ( Edited Version ),Rap & Hip-Hop,$ 0.69,"( C ) 2014 Island Records , a division of UMG Recordings , Inc.",4:42,"September 20 , 2005"
235,0,Stop Me ( Kissy Sell Out Remix ),Daniel Merriweather & Mark Ronson,Stop Me ( Remixes ) - EP,"Electronic,Music,Hip-Hop / Rap , Alternative Rap , R&B / Soul,Neo-Soul , Soul , Contemporary R&B",$ 0.99,2007 Mark Ronson under exclusive license to SONY BMG MUSIC ENTERTAINMENT ( UK ) LIMITED,5:58,14-Aug-07,Stop Me,Mark Ronson feat . Daniel Merriweather,Stop Me,Pop,$ 0.99,"( C ) 2014 Lichtdicht Records Under exclusive license in the US to Republic Records , Inc. , A Divison Of UMG Recordings",3:53,"March 16 , 2007"
236,0,Popular ( feat . Lil ' Twist ),Lil Wayne & Lil ' Twist,I Am Not a Human Being,"Hip-Hop/Rap , Music , Rap , Hardcore Rap , Dirty South",$ 1.29,‰ ãÑ 2010 Cash Money Records Inc.,4:40,15-Nov-10,No Worries ( Album Version ( Explicit ) ) [ feat . Detail ] [ Explicit ],Lil Wayne,I Am Not A Human Being II ( Explicit Version ) [ + digital booklet ],Rap & Hip-Hop,$ 1.29,2005 Secretly Canadian,3:42,"March 26 , 2013"
237,0,"Hey Mama ( feat . Nicki Minaj , Bebe Rexha & Afrojack ) [ Extended ]",David Guetta,"Hey Mama ( feat . Nicki Minaj , Bebe Rexha & Afrojack ) [ Remixes ] - EP","Dance , Music",$ 1.29,"2015 What A Music Ltd. under exclusive license to Parlophone/Warner Music France , under exclusive license to Atlantic Recording Corporation for the United States",4:42,12-May-15,Dangerous ( feat . Sam Martin ),David Guetta,Dangerous ( feat . Sam Martin ),Dance & Electronic,$ 1.29,2013 Howard Hersh,3:23,"October 6 , 2014"
239,0,Fake ( Demo ),Shinedown,Us and Them ( Deluxe Version ),"Rock , Music , Metal , Hard Rock , Alternative",$ 1.29,2009 Atlantic Recording Corporation for the United States and WEA International Inc. for the world outside of the United States .,5:05,4-Oct-05,Carried Away [ Demo ],Shinedown,Us And Them ( Deluxe ) [ Explicit ],Rock,$ 1.29,2015 Real Sounds,3:14,"October 4 , 2005"
240,0,Epilogue ( feat . George the Poet ),Naughty Boy,Hotel Cabana,"Pop , Music , R&B / Soul , Contemporary R&B , Hip-Hop/Rap , Pop/Rock , Rock",$ 1.29,2014 Naughty Boy Recordings Ltd under exclusive licence to Virgin Records Ltd,1:28,6-May-14,No One 's Here To Sleep [ feat . Bastille ] [ Explicit ],Naughty Boy,Hotel Cabana [ Explicit ],Pop,$ 1.29,( C ) 2014 Naughty Boy Recordings Ltd under exclusive licence to Virgin Records Ltd,4:32,"May 6 , 2014"
242,0,Do What U Want ( feat . Christina Aguilera ) [ Red Ant & Amp Lexvas Deep House Remix ],Lady Gaga,Do What U Want ( Remixes ),"Pop , Music",$ 1.29,2014 Interscope Records,6:50,25-Feb-14,Bad Romance ( Kaskade Remix ),Lady Gaga,Bad Romance Remixes,Pop,$ 1.29,( C ) 2009 Interscope Records,4:21,"December 21 , 2009"
243,1,Take '`` There ( feat . Kiesza ) [ Missy Elliott Remix ] [ Bonus Track ],Skrillex & Diplo,Skrillex and Diplo Present Jack '``,"Dance,Music,Hip-Hop / Rap , Jazz , Bop , Electronic , Rap , Rock",$ 1.29,2015 Atlantic Recording Corporation for the US and WEA International for the world outside the United States . A Warner Music Group Company,3:30,24-Feb-15,Take ÌÏ There ( feat . Kiesza ) [ Missy Elliott Remix ] [ Bonus Track ],"Skrillex , Diplo",Skrillex and Diplo present Jack ÌÏ [ Explicit ],Dance & Electronic,$ 1.29,2012 Knight Skreams,3:30,"February 24 , 2015"
244,1,Over When It 's Over ( Live ),Eric Church,Caught In the Act ( Live ),"Country , Music , Contemporary Country , Urban Cowboy",$ 1.29,"‰ ãÑ 2013 EMI Records Nashville . All rights reserved . Unauthorized reproduction is a violation of applicable laws . Manufactured by Capitol Records Nashville , 401 Commerce Street , Suite 1100 , Nashville , TN 37219",2:59,5-Apr-13,Over When It 's Over,Eric Church,Caught In The Act : Live,Country,$ 1.29,( C ) 2013 EMI Records Nashville,2:59,"April 5 , 2013"
246,1,The Whisperer ( feat . Sia ),David Guetta,Listen,"Dance , Music , Electronic , House , Rock , French Pop",$ 1.29,"2014 What A Music Ltd. under exclusive license to Parlophone/Warner Music France , under exclusive license to Atlantic Recording Corporation for the United States . All rights reserved",3:54,24-Nov-14,The Whisperer ( feat . Sia ),David Guetta,Listen ( Deluxe ),Dance & Electronic,$ 1.29,2015 If Moving Your Mine,3:54,"November 24 , 2014"
248,0,Baby When the Light ( David Guetta & Fred Rister Remix ),David Guetta,Pop Life ( Extended Version ) [ Bonus Version ],"Dance , Music , Rock , Pop , House , Electronic , Electronica , Adult Alternative",$ 1.29,‰ ãÑ 2007 Gum Records,6:17,18-Sep-07,Revolver ( Madonna Vs. David Guetta Feat . Lil ' Wayne ) ( One Love Remix ),David Guetta,One Love ( Deluxe Version ),Dance & Electronic,$ 1.29,( C ) 2014 Swedish House Mafia Holdings Ltd ( BVI ) under exclusive license to Virgin Records Ltd,3:18,"August 21 , 2009"
249,0,Before She Does ( Live ),Eric Church,Caught In the Act ( Live ),"Country , Music , Contemporary Country , Urban Cowboy",$ 1.29,"‰ ãÑ 2013 EMI Records Nashville . All rights reserved . Unauthorized reproduction is a violation of applicable laws . Manufactured by Capitol Records Nashville , 401 Commerce Street , Suite 1100 , Nashville , TN 37219",3:42,5-Apr-13,Pledge Allegiance To The Hag ( Live ),Eric Church,Caught In The Act : Live,Country,$ 1.29,( C ) 2013 EMI Records Nashville,4:55,"April 5 , 2013"
251,0,Lifted ( feat . Emeli Sand ' © & Professor Green ),Naughty Boy,Hotel Cabana ( Deluxe Version ),"Pop , Music , Rock , R&B / Soul , Contemporary R&B , Dance,Electronic,Hip-Hop / Rap , Pop/Rock",$ 1.29,2013 Naughty Boy Recordings Ltd under exclusive licence to Virgin Records Ltd,4:15,6-May-14,Pluto [ feat . Wretch 32 ],Naughty Boy,Hotel Cabana [ Explicit ],Pop,$ 1.29,( C ) 2014 Naughty Boy Recordings Ltd under exclusive licence to Virgin Records Ltd,3:58,"May 6 , 2014"
252,0,"Why You Up In Here ( feat . Ludacris , Git Fresh & Gucci Mane )",Flo Rida,"Only One Flo , Pt. 1","Hip-Hop/Rap , Music , Rap , Dirty South",$ 1.29,2010 Atlantic Recording Corporation for the United States and WEA International Inc. for the world outside of the United States,3:36,24-Nov-10,Man of the Year ( feat . Lil Wayne ) [ Explicit ],Flo Rida,Welcome to Flo Rida [ Explicit ],Rap & Hip-Hop,$ 0.99,2015 CMG Records,3:01,"April 6 , 2015"
254,0,Breaking Inside ( feat . Lzzy Hale of Halestorm ) [ Bonus Track ],Shinedown,The Sound of Madness ( Deluxe Edition ),"Rock , Music , Alternative , Grunge , Metal , Hard Rock",$ 1.29,2010 Atlantic Recording Corporation for the United States and WEA International Inc. for the world outside of the United States .,3:47,24-Jun-08,Fly From The Inside,Shinedown,Leave A Whisper ( Deluxe ),Rock,$ 1.29,2015 Mad Decent,3:55,"May 27 , 2003"
259,0,Thinking About You ( feat . Ayah Marar ) [ Michael Brun Remix ],Calvin Harris,Thinking About You ( feat . Ayah Marar ) [ Remixes ],"Dance , Music",$ 1.29,2013 Sony Music Entertainment UK Limited,5:42,2-Aug-13,Blame ( Burns Remix ),Calvin Harris feat . John Newman,Blame ( Remixes ),Dance & Electronic,$ 1.29,2013 1i Music,4:17,"November 10 , 2014"
264,0,I 'm a Machine ( feat . Crystal Nicole and Tyrese Gibson ),David Guetta,Nothing But the Beat,"Dance , Music , House , Electronic , Rock",$ 1.29,"2011 What A Music Ltd , Licence exclusive Parlophone Music France",3:34,26-Aug-11,Little Bad Girl ( feat . Taio Cruz & Ludacris ) [ Explicit ],David Guetta,Nothing But the Beat 2.0 [ Explicit ],Dance & Electronic,$ 0.99,2015 Real Sounds,3:12,"August 26 , 2011"
265,0,Sweet Spot 2.0 ( feat . Jennifer Lopez ),Flo Rida,Wild Ones,"Hip-Hop/Rap , Music , Rap , Electronic , World , Dance",$ 1.29,2012 Atlantic Recording Corporation for the United States and WEA International Inc. for the world outside of the United States,3:11,22-Jun-12,Wild Ones ( feat . Sia ),Flo Rida,Wild Ones,"Dance & Electronic , Rap & Hip-Hop , House",$ 1.29,"( C ) 2015 MCA Nashville , a Division of UMG Recordings , Inc.",3:52,"June 22 , 2012"
266,0,Ca n't Stop Now ( feat . Jovi Rockwell and Mr. Vegas ),Major Lazer,Guns Do n't Kill People ... Lazers Do,"Electronic,Music,Hip-Hop / Rap , Rap , Alternative , Reggae , Dance , Modern Dancehall , Rock",$ 1.29,"‰ ãÑ 2009 Downtown Music , LLC .",4:03,2009,Hold The Line [ feat . Santigold ] [ Explicit ],Major Lazer,Guns Do n't Kill People ... Lazers Do ( Deluxe ) [ Explicit ],"Electronica , Dance & Electronic",$ 1.29,"( C ) 2009 Downtown Music , LLC .",3:39,"June 3 , 2015"
267,0,Dangerous ( feat . Sam Martin ) [ Robin Schulz Remix ] [ Radio Edit ],David Guetta,Listen ( Deluxe Version ),"Dance , Music , Rock , House , Electronic , French Pop",$ 1.29,"2014 What A Music Ltd. under exclusive license to Parlophone/Warner Music France , under exclusive license to Atlantic Recording Corporation for the United States . All rights reserved .",3:20,24-Nov-14,Listen ( feat . John Legend ),David Guetta,Listen,Dance & Electronic,$ 1.29,2015 If Moving Your Mine,3:46,"November 24 , 2014"
268,1,Going Away For a While,Brett Eldredge,Illinois,"Country , Music , Contemporary Country , Honky Tonk , Traditional Country",$ 1.29,2015 Atlantic Recording Corporation for the United States and WEA International Inc. for the world outside of the United States . A Warner Music Group Company,3:13,11-Sep-15,Going Away For A While,Brett Eldredge,Illinois,Country,$ 1.29,( c ) Phonotype,3:15,"September 11 , 2015"
273,1,VHS Outro ( Interlude ),X Ambassadors,VHS,"Alternative , Music , Rock , Adult Alternative",$ 1.29,2015 KIDinaKORNER/Interscope Records,1:25,30-Jun-15,VHS Outro ( Interlude ) [ Explicit ],X Ambassadors,VHS [ Explicit ],Alternative Rock,$ 1.29,( C ) 2015 KIDinaKORNER/Interscope Records,1:25,"June 30 , 2015"
275,0,Jump ( feat . Nelly Furtado ),Flo Rida,R.O.O.T.S. ( Deluxe Version ),"Hip-Hop/Rap , Music",$ 1.29,‰ ãÑ 2009 Atlantic Recording Corporation for the United States and WEA International Inc. for the world outside of the United States,3:28,30-Mar-09,"Yayo [ Feat . Brisco , Billy Blue , Ball Greezy , Rick Ross , Red Eyezz , Bred , Pitbull & Ace Hood ] ( Amended Bonus Version )",Flo Rida,R.O.O.T.S. ( Route Of Overcoming The Struggle ) ( Amended Amazon Exclusive ) [ Clean ],Rap & Hip-Hop,$ 1.29,"( C ) 2012 Motown Records , a Division of UMG Recordings , Inc.",7:53,"March 30 , 2009"
276,0,A Wake ( feat . Evan Roman ),Macklemore & Ryan Lewis,The Heist ( Deluxe Edition ),"Hip-Hop/Rap , Music , Rap , Alternative Rap , West Coast Rap",$ 1.29,"‰ ãÑ 2012 Macklemore , LLC .",3:46,1-Aug-12,Thrift Shop ( feat . Wanz ) [ Explicit ],Macklemore & Ryan Lewis,The Heist [ Explicit ],Rap & Hip-Hop,$ 1.29,2014 Selena Garcia & Steven Gomez,3:55,"October 9 , 2012"
278,1,Closer ( feat . Mike Posner ),Nick Jonas,Nick Jonas ( Deluxe ),"Pop , Music , Rock , Pop/Rock",$ 1.29,"2014 Island Records , a division of UMG Recordings , Inc. / Safehouse Records , LLC",3:48,10-Nov-14,Closer [ feat . Mike Posner ] [ Clean ],Nick Jonas,Nick Jonas ( Deluxe ) [ Clean ],Pop,$ 1.29,"( C ) 2014 Island Records/Safehouse Records LLC , a division of UMG Recordings , Inc.",3:48,"November 10 , 2014"
280,0,Dance In the Dark,Lady Gaga,The Fame Monster ( Deluxe Version ),"Pop , Music",$ 1.29,‰ ãÑ 2014 Interscope Records,4:48,5-Aug-14,Just Dance [ feat . Colby O'Donis ],Lady Gaga,The Fame Monster ( Deluxe ),Pop,$ 0.99,( C ) 2009 Interscope Records,4:01,"November 23 , 2009"
282,1,Afire Love,Ed Sheeran,x,"Singer/Songwriter , Music , Pop , Rock , Contemporary Singer/Songwriter , Adult Alternative",$ 1.29,"2014 Asylum Records UK , a Warner Music UK Company",5:14,20-Jun-14,Afire Love,Ed Sheeran,x,Pop,$ 1.29,( C ) 2014 mau5trap Recordings Ltd,5:14,"June 20 , 2014"
285,0,Speak Now - World Tour Live Concert ( Live 2011 ),Taylor Swift,Speak Now - World Tour Live,"Country , Music , Rock , Contemporary Country , Honky Tonk",Album Only,"2011 Big Machine Records , LLC .",2:09:26,21-Nov-11,Long Live,Taylor Swift,Speak Now,"Country , Country Rock , Pop , Rock",$ 1.29,"( C ) 2010 Big Machine Records , LLC .",5:17,"October 25 , 2010"
288,0,Dangerous ( feat . Sam Martin ) [ Robin Schulz Remix ] [ Radio Edit ],David Guetta,Listen ( Deluxe Version ),"Dance , Music , Rock , House , Electronic , French Pop",$ 1.29,"2014 What A Music Ltd. under exclusive license to Parlophone/Warner Music France , under exclusive license to Atlantic Recording Corporation for the United States . All rights reserved .",3:20,24-Nov-14,It 's The Way You Love Me ( Feat . Kelly Rowland ; Continuous Mix Version ),David Guetta,One Love ( Deluxe Version ),Dance & Electronic,$ 1.29,( C ) 2014 Swedish House Mafia Holdings Ltd ( BVI ) under exclusive license to Virgin Records Ltd,4:11,"August 21 , 2009"
290,0,Remember You ( feat . The Weeknd ),Wiz Khalifa,O.N.I.F.C. ( Deluxe Version ),"Hip-Hop/Rap , Music , Hardcore Rap , East Coast Rap , Rap",$ 1.99,2012 Atlantic Recording Corporation for the United States and WEA International Inc. for the world outside of the United States,5:20,4-Dec-12,The Bluff ( feat . Cam ` Ron ) [ Explicit ],Wiz Khalifa,O.N.I.F.C. [ Explicit ],Rap & Hip-Hop,$ 1.29,2012 Atlantic Recording Corporation for the United States and WEA International Inc. for the world outside of the United States,3:48,"December 4 , 2012"
292,0,Remember You ( feat . The Weeknd ),Wiz Khalifa,O.N.I.F.C. ( Deluxe Version ),"Hip-Hop/Rap , Music , East Coast Rap , Hardcore Rap , Rap",$ 1.99,2012 Atlantic Recording Corporation for the United States and WEA International Inc. for the world outside of the United States,5:20,4-Dec-12,"Rise Above ( feat . Pharrell , Tuki Carter & Amber Rose ) [ Explicit ]",Wiz Khalifa,O.N.I.F.C. [ Explicit ],Rap & Hip-Hop,$ 1.29,2012 Atlantic Recording Corporation for the United States and WEA International Inc. for the world outside of the United States,4:31,"December 4 , 2012"
293,0,Thinking About You ( feat . Ayah Marar ) [ Michael Brun Remix ],Calvin Harris,Thinking About You ( feat . Ayah Marar ) [ Remixes ],"Dance , Music",$ 1.29,2013 Sony Music Entertainment UK Limited,5:42,2-Aug-13,Pray to God ( R3hab Remix ),Calvin Harris feat . HAIM,Pray to God ( Remixes ),Dance & Electronic,$ 1.29,"( C ) 2015 Third Pardee Records , LLC under exclusive license to Interscope Records in the United States",4:31,"September 25 , 2015"
294,0,Good Feeling ( Seductive Remix ),Flo Rida,Good Feeling ( Remixes ),"Dance,Music,Hip-Hop / Rap , Rap , Electronic",$ 1.29,2011 Atlantic Recording Corporation for the United States and WEA International Inc. for the world outside of the United States,4:45,15-Nov-11,Wild Ones ( Feat . Sia ) ( Maison & Dragen Remix ),Flo Rida,Wild Ones ( Feat . Sia ) [ Remixes Pt. 2 ],"Dance & Electronic , House",$ 1.29,"( C ) 2015 MCA Nashville , a Division of UMG Recordings , Inc.",6:06,"April 24 , 2012"
295,0,Dangerous ( feat . Sam Martin ) [ Robin Schulz Remix ] [ Radio Edit ],David Guetta,Listen ( Deluxe Version ),"Dance , Music , Rock , House , Electronic , French Pop",$ 1.29,"2014 What A Music Ltd. under exclusive license to Parlophone/Warner Music France , under exclusive license to Atlantic Recording Corporation for the United States . All rights reserved .",3:20,24-Nov-14,I 'll Keep Loving you ( feat . Birdy & Jaymes Young ),David Guetta,Listen ( Deluxe ),Dance & Electronic,$ 1.29,2015 If Moving Your Mine,3:08,"November 24 , 2014"
297,1,Remember You ( feat . The Weeknd ),Wiz Khalifa,O.N.I.F.C. ( Deluxe Version ),"Hip-Hop/Rap , Music , East Coast Rap , Hardcore Rap , Rap",$ 1.99,2012 Atlantic Recording Corporation for the United States and WEA International Inc. for the world outside of the United States,5:20,4-Dec-12,Remember You ( feat . The Weeknd ) [ Explicit ],Wiz Khalifa,O.N.I.F.C. [ Explicit ],Rap & Hip-Hop,$ 1.29,2012 Atlantic Recording Corporation for the United States and WEA International Inc. for the world outside of the United States,4:49,"December 4 , 2012"
298,1,Boiling ( Medlar Remix ),Disclosure,Control,"Electronic , Music , Dance",$ 1.29,2013 Greco-Roman Ltd,5:52,2-Apr-13,Boiling ( Medlar Remix ),Disclosure,Control,Dance & Electronic,$ 0.89,2013 Greco-Roman Ltd,5:52,"April 2 , 2013"
299,0,Remember You ( feat . The Weeknd ),Wiz Khalifa,O.N.I.F.C. ( Deluxe Version ),"Hip-Hop/Rap , Music , East Coast Rap , Hardcore Rap , Rap",$ 1.99,2012 Atlantic Recording Corporation for the United States and WEA International Inc. for the world outside of the United States,5:20,4-Dec-12,The Bluff ( feat . Cam ` Ron ) [ Explicit ],Wiz Khalifa,O.N.I.F.C. [ Explicit ],Rap & Hip-Hop,$ 1.29,2012 Atlantic Recording Corporation for the United States and WEA International Inc. for the world outside of the United States,3:48,"December 4 , 2012"
301,1,Billy,Keith Urban,In the Ranch,"Country , Music , Honky Tonk , Contemporary Country",$ 1.29,1997 Capitol Nashville,3:46,1997,Billy,Keith Urban,Keith Urban In The Ranch,Country,$ 1.29,( c ) 1997 Capitol Nashville,3:46,"February 10 , 2004"
305,0,If I Am a Stranger ( Live In Amsterdam ),Ryan Adams,Live After Deaf ( Live ) [ Complete Collection ],"Singer/Songwriter , Music , Rock",$ 0.99,2012 PAXAM RECORDS,5:10,2-Jul-12,September ( Live in Stockholm ),Ryan Adams,Live After Deaf ( Stockholm ),"Folk , Rock",$ 0.99,2012 PAXAM RECORDS,2:43,"July 2 , 2012"
307,0,Because of Your Love,Kenny Chesney,Greatest Hits,"Country , Music , Contemporary Country , Urban Cowboy",$ 0.99,2000 BMG Entertainment,4:16,26-Sep-00,Hurry Up Love,Kenny Rogers,49 All Time Greatest Hits,"Country , Traditional Country , Cowboy",$ 0.89,( c ) 2008 Goldenlane Records,2:29,"August 1 , 2008"
308,0,Remember You ( feat . The Weeknd ),Wiz Khalifa,O.N.I.F.C. ( Deluxe Version ),"Hip-Hop/Rap , Music , East Coast Rap , Hardcore Rap , Rap",$ 1.99,2012 Atlantic Recording Corporation for the United States and WEA International Inc. for the world outside of the United States,5:20,4-Dec-12,"We Dem Boyz Remix ( feat . Rick Ross , ScHoolboy Q & Nas ) [ Explicit ]",Wiz Khalifa,Blacc Hollywood ( Deluxe ) [ Explicit ],Rap & Hip-Hop,$ 1.29,2014 Atlantic Recording Corporation for the United States and WEA International Inc. for the world outside of the United States . A Warner Music Group Company,5:19,"August 19 , 2014"
309,0,Sumthin Like This Night ( feat . Gorillaz ),Snoop Dogg & Gorillaz,Doggumentary,"Hip-Hop/Rap , Music , Rock , Gangsta Rap , West Coast Rap",$ 1.29,"‰ ãÑ 2011 Capitol Records , LLC . All rights reserved . Unauthorized reproduction is a violation of applicable laws . Manufactured by Capitol Records , LLC , 1750 North Vine Street , Hollywood , CA 90028 .",3:37,29-Mar-11,This Weed Iz Mine ( Feat . Wiz Khalifa ) [ Explicit ],Snoop Dogg,Doggumentary [ Explicit ],"Rap & Hip-Hop , West Coast",$ 1.29,"( C ) 2011 Capitol Records , LLC",3:43,"March 29 , 2011"
312,0,From This Dream,Little Big Town,Little Big Town,"Country , Music , Urban Cowboy , Honky Tonk , Contemporary Country",$ 0.99,2002 SONY BMG MUSIC ENTERTAINMENT,4:27,7-May-02,Tattoos On This Town [ Explicit ],Like Tattoos On This Town,Tattoos On This Town - Single ( Jason Aldean Tribute ) [ Explicit ],Country,$ 0.99,2012 Music Club,3:28,"June 14 , 2012"
313,0,We Dem Boyz,Wiz Khalifa,Blacc Hollywood ( Deluxe Version ),"Hip-Hop/Rap , Music , Rap , East Coast Rap , Hardcore Rap , Rock",$ 1.99,2014 Atlantic Recording Corporation for the United States and WEA International Inc. for the world outside of the United States . A Warner Music Group Company,3:56,19-Aug-14,"We Dem Boyz Remix ( feat . Rick Ross , ScHoolboy Q & Nas ) [ Explicit ]",Wiz Khalifa,Blacc Hollywood ( Deluxe ) [ Explicit ],Rap & Hip-Hop,$ 1.29,2014 Atlantic Recording Corporation for the United States and WEA International Inc. for the world outside of the United States . A Warner Music Group Company,5:19,"August 19 , 2014"
314,0,VHS Outro ( Interlude ),X Ambassadors,VHS,"Alternative , Music , Rock , Adult Alternative",$ 1.29,2015 KIDinaKORNER/Interscope Records,1:25,30-Jun-15,Moving Day ( Interlude ),X Ambassadors,VHS [ Explicit ],Alternative Rock,$ 1.29,( C ) 2015 KIDinaKORNER/Interscope Records,0:19,"June 30 , 2015"
316,0,Same Love ( feat . Mary Lambert ),Macklemore & Ryan Lewis,The Heist ( Deluxe Edition ),"Hip-Hop/Rap , Music , Rap , Alternative Rap , West Coast Rap",$ 1.29,"‰ ãÑ 2012 Macklemore , LLC .",5:20,1-Aug-12,"White Walls ( feat . ScHoolboy Q , Hollis ) [ Explicit ]",Macklemore & Ryan Lewis,The Heist [ Deluxe Edition ] [ Explicit ],Rap & Hip-Hop,$ 1.29,2014 Selena Garcia & Steven Gomez,3:40,"October 9 , 2012"
317,0,Get Low ( Neo Fresco Remix ),Dillon Francis & DJ Snake,Get Low ( Remixes ) - EP,"Dance , Music",$ 1.29,"2014 , 2015 Wedgewood Productions , Inc. & DJ Snake Music LLC , under exclusive license to Columbia Records , a Division of Sony Music Entertainment",4:42,2-Jun-15,Woman Like Me ( Dillon Francis Remix ),"Willy Joy , Flosstradamus , Dillon Francis , Bird Peterson , Cousin Cole , Flinch",Woman Like Me Remixes,Dance & Electronic,$ 0.99,( c ) 2011 Copyright Top Billin,5:22,"September 30 , 2011"
318,0,Judas ( Royksopp 's 30 Pieces Remix ),Lady Gaga,Born This Way ( The Remix ),"Pop , Music , Dance",Album Only,2011 Interscope Records,9:18,21-Nov-11,Just Dance ( RedOne Remix ),Lady Gaga,Just Dance ( Remix EP pt2 ),Pop,$ 1.29,( C ) 2008 Interscope,4:19,"November 4 , 2008"
320,0,Remember You ( feat . The Weeknd ),Wiz Khalifa,O.N.I.F.C. ( Deluxe Version ),"Hip-Hop/Rap , Music , East Coast Rap , Hardcore Rap , Rap",$ 1.99,2012 Atlantic Recording Corporation for the United States and WEA International Inc. for the world outside of the United States,5:20,4-Dec-12,"Rise Above ( feat . Pharrell , Tuki Carter & Amber Rose ) [ Explicit ]",Wiz Khalifa,O.N.I.F.C. [ Explicit ],Rap & Hip-Hop,$ 1.29,2012 Atlantic Recording Corporation for the United States and WEA International Inc. for the world outside of the United States,4:31,"December 4 , 2012"
